-- phpMyAdmin SQL Dump
-- version 5.2.1
-- https://www.phpmyadmin.net/
--
-- Host: 127.0.0.1
-- Generation Time: Jun 07, 2023 at 01:34 PM
-- Server version: 10.4.28-MariaDB
-- PHP Version: 7.2.34

SET FOREIGN_KEY_CHECKS=0;
SET SQL_MODE = "NO_AUTO_VALUE_ON_ZERO";
START TRANSACTION;
SET time_zone = "+00:00";


/*!40101 SET @OLD_CHARACTER_SET_CLIENT=@@CHARACTER_SET_CLIENT */;
/*!40101 SET @OLD_CHARACTER_SET_RESULTS=@@CHARACTER_SET_RESULTS */;
/*!40101 SET @OLD_COLLATION_CONNECTION=@@COLLATION_CONNECTION */;
/*!40101 SET NAMES utf8mb4 */;

--
-- Database: `payment`
--

-- --------------------------------------------------------

--
-- Table structure for table `bs_bookings`
--

CREATE TABLE `bs_bookings` (
  `bid` int(10) UNSIGNED NOT NULL,
  `uid` int(10) UNSIGNED NOT NULL,
  `sid` int(10) UNSIGNED NOT NULL,
  `status` varchar(64) NOT NULL COMMENT 'single|subscription|cancelled',
  `status_billing` varchar(64) NOT NULL COMMENT 'pending|paid|cancelled|uncollectable|regular',
  `visibility` varchar(64) NOT NULL COMMENT 'public|private',
  `quantity` int(10) UNSIGNED NOT NULL,
  `created` datetime NOT NULL
) ENGINE=InnoDB DEFAULT CHARSET=utf8 COLLATE=utf8_general_ci;

--
-- Dumping data for table `bs_bookings`
--

INSERT INTO `bs_bookings` (`bid`, `uid`, `sid`, `status`, `status_billing`, `visibility`, `quantity`, `created`) VALUES
(38, 13, 1, 'subscription', 'pending', 'public', 1, '2023-06-07 20:00:18'),
(39, 13, 2, 'subscription', 'paid', 'public', 1, '2023-06-07 20:03:39'),
(41, 13, 3, 'subscription', 'paid', 'public', 1, '2023-06-07 20:04:21'),
(42, 14, 10, 'subscription', 'paid', 'public', 1, '2023-06-07 20:04:45'),
(43, 15, 1, 'subscription', 'paid', 'public', 1, '2023-06-07 20:05:47'),
(44, 16, 1, 'subscription', 'paid', 'public', 1, '2023-06-07 20:06:12'),
(45, 17, 2, 'subscription', 'paid', 'public', 1, '2023-06-07 20:07:08'),
(46, 18, 2, 'subscription', 'pending', 'public', 1, '2023-06-07 20:07:56'),
(47, 15, 3, 'subscription', 'pending', 'public', 1, '2023-06-07 20:08:33'),
(48, 19, 5, 'subscription', 'pending', 'public', 1, '2023-06-07 20:09:05'),
(49, 21, 5, 'subscription', 'paid', 'public', 1, '2023-06-07 20:10:05'),
(50, 22, 3, 'subscription', 'paid', 'public', 1, '2023-06-07 20:11:03'),
(51, 21, 6, 'subscription', 'paid', 'public', 1, '2023-06-07 20:11:58'),
(52, 20, 6, 'subscription', 'paid', 'public', 1, '2023-06-07 20:13:11'),
(53, 23, 7, 'subscription', 'paid', 'public', 1, '2023-06-07 20:16:15'),
(54, 23, 8, 'subscription', 'paid', 'public', 1, '2023-06-07 20:17:54'),
(55, 24, 9, 'subscription', 'paid', 'public', 1, '2023-06-07 20:18:35'),
(56, 24, 10, 'subscription', 'pending', 'public', 1, '2023-06-07 20:19:00'),
(57, 21, 1, 'subscription', 'paid', 'public', 1, '2023-06-07 20:21:17'),
(58, 21, 2, 'subscription', 'paid', 'public', 1, '2023-06-07 20:21:38'),
(59, 14, 7, 'subscription', 'paid', 'public', 1, '2023-06-07 20:22:21'),
(60, 25, 1, 'subscription', 'paid', 'public', 1, '2023-06-07 20:25:20'),
(61, 25, 2, 'subscription', 'paid', 'public', 1, '2023-06-07 20:27:19'),
(62, 25, 3, 'subscription', 'paid', 'public', 1, '2023-06-07 20:28:25'),
(63, 21, 7, 'subscription', 'paid', 'public', 1, '2023-06-07 20:28:56'),
(64, 26, 8, 'subscription', 'paid', 'public', 1, '2023-06-07 20:29:34'),
(65, 26, 9, 'subscription', 'paid', 'public', 1, '2023-06-07 20:30:07'),
(66, 26, 10, 'subscription', 'paid', 'public', 1, '2023-06-07 20:30:51'),
(67, 27, 10, 'subscription', 'paid', 'public', 1, '2023-06-07 20:31:14'),
(68, 21, 8, 'subscription', 'paid', 'public', 1, '2023-06-07 20:31:37'),
(69, 25, 9, 'subscription', 'paid', 'public', 1, '2023-06-07 20:31:58'),
(70, 28, 8, 'subscription', 'paid', 'public', 1, '2023-06-07 20:32:15'),
(71, 28, 9, 'subscription', 'paid', 'public', 1, '2023-06-07 20:32:32'),
(72, 25, 5, 'subscription', 'paid', 'public', 1, '2023-06-07 20:32:51'),
(73, 25, 6, 'subscription', 'paid', 'public', 1, '2023-06-07 20:33:12'),
(74, 25, 7, 'subscription', 'paid', 'public', 1, '2023-06-07 20:33:30');

-- --------------------------------------------------------

--
-- Table structure for table `bs_bookings_bills`
--

CREATE TABLE `bs_bookings_bills` (
  `bbid` int(10) UNSIGNED NOT NULL,
  `bid` int(10) UNSIGNED NOT NULL,
  `description` varchar(512) NOT NULL,
  `quantity` int(10) UNSIGNED DEFAULT NULL,
  `time` int(10) UNSIGNED DEFAULT NULL,
  `price` int(10) NOT NULL,
  `rate` int(10) UNSIGNED NOT NULL,
  `gross` tinyint(1) NOT NULL
) ENGINE=InnoDB DEFAULT CHARSET=utf8 COLLATE=utf8_general_ci;

--
-- Dumping data for table `bs_bookings_bills`
-- need to look into bs_booking_bills @charlotte 13/8

INSERT INTO `bs_bookings_bills` (`bbid`, `bid`, `description`, `quantity`, `time`, `price`, `rate`, `gross`) VALUES
(5, 16, 'Square D, Jun 2, 2023, 11:00 AM to 11:30 AM', 1, 1800, 1000, 19, 1),
(6, 17, 'Square B, Jun 2, 2023, 1:00 PM to 2:00 PM', 1, 3600, 2000, 19, 1),
(7, 18, 'Square A, Jun 3, 2023, 11:00 AM to 11:30 AM', 1, 1800, 1000, 19, 1),
(8, 19, 'Square D, Jun 2, 2023, 8:00 AM to 9:00 AM', 1, 3600, 2000, 19, 1),
(9, 20, 'Square A, Jun 3, 2023, 8:00 AM to 9:00 AM', 1, 3600, 2000, 19, 1),
(10, 21, 'Square A, Jun 2, 2023, 9:00 AM to 10:00 AM', 1, 3600, 2000, 19, 1),
(11, 22, 'Square D, Jun 3, 2023, 2:00 PM to 3:00 PM', 1, 3600, 2000, 19, 1),
(12, 23, 'Square B, Jun 3, 2023, 10:00 AM to 11:00 AM', 1, 3600, 2000, 19, 1),
(13, 75, 'Square 5, Jun 9, 2023, 2:30 PM to 3:00 PM', 1, 1800, 1000, 19, 1),
(14, 76, 'Square 4, Jun 9, 2023, 2:00 PM to 2:30 PM', 1, 1800, 1000, 19, 1);

-- --------------------------------------------------------

--
-- Table structure for table `bs_bookings_meta`
--

CREATE TABLE `bs_bookings_meta` (
  `bmid` int(10) UNSIGNED NOT NULL,
  `bid` int(10) UNSIGNED NOT NULL,
  `key` varchar(64) NOT NULL,
  `value` text NOT NULL
) ENGINE=InnoDB DEFAULT CHARSET=utf8 COLLATE=utf8_general_ci;

--
-- Dumping data for table `bs_bookings_meta`
--

INSERT INTO `bs_bookings_meta` (`bmid`, `bid`, `key`, `value`) VALUES
(18, 16, 'player-names', 'N;'),
(19, 16, 'directpay', 'true'),
(20, 16, 'paymentMethod', 'stripe'),
(21, 17, 'player-names', 'N;'),
(22, 17, 'directpay', 'true'),
(23, 17, 'paymentMethod', 'stripe'),
(24, 18, 'player-names', 'N;'),
(25, 18, 'directpay', 'true'),
(26, 18, 'paymentMethod', 'stripe'),
(27, 19, 'player-names', 'N;'),
(28, 19, 'directpay', 'true'),
(29, 19, 'paymentMethod', 'stripe'),
(30, 20, 'player-names', 'N;'),
(31, 20, 'directpay', 'true'),
(32, 20, 'paymentMethod', 'stripe'),
(33, 21, 'player-names', 'N;'),
(34, 21, 'directpay', 'true'),
(35, 21, 'paymentMethod', 'stripe'),
(36, 22, 'player-names', 'N;'),
(37, 22, 'directpay', 'true'),
(38, 22, 'paymentMethod', 'stripe'),
(39, 22, 'directpay_pending', 'false'),
(40, 22, 'notes', ' direct pay with stripe  -  payment_status: captured succeeded'),
(41, 23, 'player-names', 'N;'),
(42, 23, 'directpay', 'true'),
(43, 23, 'paymentMethod', 'stripe'),
(72, 38, 'date_start', '2023-06-09'),
(73, 38, 'date_end', '2024-06-09'),
(74, 38, 'time_start', '10:00'),
(75, 38, 'time_end', '13:00'),
(76, 38, 'repeat', '7'),
(77, 38, 'creator', 'initium dev'),
(78, 39, 'date_start', '2023-06-09'),
(79, 39, 'date_end', '2024-06-09'),
(80, 39, 'time_start', '10:00'),
(81, 39, 'time_end', '13:00'),
(82, 39, 'repeat', '7'),
(83, 39, 'creator', 'initium dev'),
(90, 41, 'date_start', '2023-06-09'),
(91, 41, 'date_end', '2024-06-09'),
(92, 41, 'time_start', '10:00'),
(93, 41, 'time_end', '13:00'),
(94, 41, 'repeat', '7'),
(95, 41, 'creator', 'initium dev'),
(96, 42, 'date_start', '2023-06-09'),
(97, 42, 'date_end', '2024-06-09'),
(98, 42, 'time_start', '12:00'),
(99, 42, 'time_end', '13:00'),
(100, 42, 'repeat', '7'),
(101, 42, 'creator', 'initium dev'),
(102, 43, 'date_start', '2023-06-09'),
(103, 43, 'date_end', '2024-06-09'),
(104, 43, 'time_start', '15:00'),
(105, 43, 'time_end', '16:30'),
(106, 43, 'repeat', '7'),
(107, 43, 'creator', 'initium dev'),
(108, 44, 'date_start', '2023-06-09'),
(109, 44, 'date_end', '2024-06-09'),
(110, 44, 'time_start', '16:30'),
(111, 44, 'time_end', '19:00'),
(112, 44, 'repeat', '7'),
(113, 44, 'creator', 'initium dev'),
(114, 45, 'date_start', '2023-06-09'),
(115, 45, 'date_end', '2024-06-09'),
(116, 45, 'time_start', '15:30'),
(117, 45, 'time_end', '17:30'),
(118, 45, 'repeat', '7'),
(119, 45, 'creator', 'initium dev'),
(120, 46, 'date_start', '2023-06-09'),
(121, 46, 'date_end', '2024-06-09'),
(122, 46, 'time_start', '17:30'),
(123, 46, 'time_end', '19:00'),
(124, 46, 'repeat', '7'),
(125, 46, 'creator', 'initium dev'),
(126, 47, 'date_start', '2023-06-09'),
(127, 47, 'date_end', '2024-06-09'),
(128, 47, 'time_start', '17:00'),
(129, 47, 'time_end', '18:00'),
(130, 47, 'repeat', '7'),
(131, 47, 'creator', 'initium dev'),
(132, 48, 'date_start', '2023-06-09'),
(133, 48, 'date_end', '2024-06-09'),
(134, 48, 'time_start', '16:30'),
(135, 48, 'time_end', '17:30'),
(136, 48, 'repeat', '7'),
(137, 48, 'creator', 'initium dev'),
(138, 49, 'date_start', '2023-06-09'),
(139, 49, 'date_end', '2024-06-09'),
(140, 49, 'time_start', '17:30'),
(141, 49, 'time_end', '21:00'),
(142, 49, 'repeat', '7'),
(143, 49, 'creator', 'initium dev'),
(144, 50, 'date_start', '2023-06-09'),
(145, 50, 'date_end', '2024-06-09'),
(146, 50, 'time_start', '18:00'),
(147, 50, 'time_end', '20:30'),
(148, 50, 'repeat', '7'),
(149, 50, 'creator', 'initium dev'),
(150, 51, 'date_start', '2023-06-09'),
(151, 51, 'date_end', '2024-06-09'),
(152, 51, 'time_start', '19:00'),
(153, 51, 'time_end', '21:00'),
(154, 51, 'repeat', '7'),
(155, 51, 'creator', 'initium dev'),
(156, 52, 'date_start', '2023-06-09'),
(157, 52, 'date_end', '2024-06-09'),
(158, 52, 'time_start', '16:00'),
(159, 52, 'time_end', '19:00'),
(160, 52, 'repeat', '7'),
(161, 52, 'creator', 'initium dev'),
(162, 53, 'date_start', '2023-06-09'),
(163, 53, 'date_end', '2024-06-09'),
(164, 53, 'time_start', '16:00'),
(165, 53, 'time_end', '18:00'),
(166, 53, 'repeat', '7'),
(167, 53, 'creator', 'initium dev'),
(168, 54, 'date_start', '2023-06-09'),
(169, 54, 'date_end', '2024-06-09'),
(170, 54, 'time_start', '16:00'),
(171, 54, 'time_end', '18:00'),
(172, 54, 'repeat', '7'),
(173, 54, 'creator', 'initium dev'),
(174, 55, 'date_start', '2023-06-09'),
(175, 55, 'date_end', '2024-06-09'),
(176, 55, 'time_start', '16:00'),
(177, 55, 'time_end', '18:00'),
(178, 55, 'repeat', '7'),
(179, 55, 'creator', 'initium dev'),
(180, 56, 'date_start', '2023-06-09'),
(181, 56, 'date_end', '2024-06-09'),
(182, 56, 'time_start', '16:00'),
(183, 56, 'time_end', '18:00'),
(184, 56, 'repeat', '7'),
(185, 56, 'creator', 'initium dev'),
(186, 57, 'date_start', '2023-06-09'),
(187, 57, 'date_end', '2024-06-09'),
(188, 57, 'time_start', '19:00'),
(189, 57, 'time_end', '20:30'),
(190, 57, 'repeat', '7'),
(191, 57, 'creator', 'initium dev'),
(192, 58, 'date_start', '2023-06-09'),
(193, 58, 'date_end', '2024-06-09'),
(194, 58, 'time_start', '19:00'),
(195, 58, 'time_end', '20:30'),
(196, 58, 'repeat', '7'),
(197, 58, 'creator', 'initium dev'),
(198, 59, 'date_start', '2023-06-09'),
(199, 59, 'date_end', '2024-06-09'),
(200, 59, 'time_start', '18:00'),
(201, 59, 'time_end', '19:00'),
(202, 59, 'repeat', '7'),
(203, 59, 'creator', 'initium dev'),
(204, 60, 'date_start', '2023-06-09'),
(205, 60, 'date_end', '2024-06-09'),
(206, 60, 'time_start', '20:30'),
(207, 60, 'time_end', '23:00'),
(208, 60, 'repeat', '7'),
(209, 60, 'creator', 'initium dev'),
(210, 61, 'date_start', '2023-06-09'),
(211, 61, 'date_end', '2024-06-09'),
(212, 61, 'time_start', '20:30'),
(213, 61, 'time_end', '23:00'),
(214, 61, 'repeat', '7'),
(215, 61, 'creator', 'initium dev'),
(216, 62, 'date_start', '2023-06-09'),
(217, 62, 'date_end', '2024-06-09'),
(218, 62, 'time_start', '20:30'),
(219, 62, 'time_end', '23:00'),
(220, 62, 'repeat', '7'),
(221, 62, 'creator', 'initium dev'),
(222, 63, 'date_start', '2023-06-09'),
(223, 63, 'date_end', '2024-06-09'),
(224, 63, 'time_start', '19:00'),
(225, 63, 'time_end', '21:00'),
(226, 63, 'repeat', '7'),
(227, 63, 'creator', 'initium dev'),
(228, 64, 'date_start', '2023-06-09'),
(229, 64, 'date_end', '2024-06-09'),
(230, 64, 'time_start', '18:00'),
(231, 64, 'time_end', '20:00'),
(232, 64, 'repeat', '7'),
(233, 64, 'creator', 'initium dev'),
(234, 65, 'date_start', '2023-06-09'),
(235, 65, 'date_end', '2024-06-09'),
(236, 65, 'time_start', '18:00'),
(237, 65, 'time_end', '20:00'),
(238, 65, 'repeat', '7'),
(239, 65, 'creator', 'initium dev'),
(240, 66, 'date_start', '2023-06-09'),
(241, 66, 'date_end', '2024-06-09'),
(242, 66, 'time_start', '18:00'),
(243, 66, 'time_end', '20:00'),
(244, 66, 'repeat', '7'),
(245, 66, 'creator', 'initium dev'),
(246, 67, 'date_start', '2023-06-09'),
(247, 67, 'date_end', '2024-06-09'),
(248, 67, 'time_start', '20:00'),
(249, 67, 'time_end', '23:00'),
(250, 67, 'repeat', '7'),
(251, 67, 'creator', 'initium dev'),
(252, 68, 'date_start', '2023-06-09'),
(253, 68, 'date_end', '2024-06-09'),
(254, 68, 'time_start', '20:00'),
(255, 68, 'time_end', '21:00'),
(256, 68, 'repeat', '7'),
(257, 68, 'creator', 'initium dev'),
(258, 69, 'date_start', '2023-06-09'),
(259, 69, 'date_end', '2024-06-09'),
(260, 69, 'time_start', '20:00'),
(261, 69, 'time_end', '21:00'),
(262, 69, 'repeat', '7'),
(263, 69, 'creator', 'initium dev'),
(264, 70, 'date_start', '2023-06-09'),
(265, 70, 'date_end', '2024-06-09'),
(266, 70, 'time_start', '21:00'),
(267, 70, 'time_end', '23:00'),
(268, 70, 'repeat', '7'),
(269, 70, 'creator', 'initium dev'),
(270, 71, 'date_start', '2023-06-09'),
(271, 71, 'date_end', '2024-06-09'),
(272, 71, 'time_start', '21:00'),
(273, 71, 'time_end', '23:00'),
(274, 71, 'repeat', '7'),
(275, 71, 'creator', 'initium dev'),
(276, 72, 'date_start', '2023-06-09'),
(277, 72, 'date_end', '2024-06-09'),
(278, 72, 'time_start', '21:00'),
(279, 72, 'time_end', '23:00'),
(280, 72, 'repeat', '7'),
(281, 72, 'creator', 'initium dev'),
(282, 73, 'date_start', '2023-06-09'),
(283, 73, 'date_end', '2024-06-09'),
(284, 73, 'time_start', '21:00'),
(285, 73, 'time_end', '23:00'),
(286, 73, 'repeat', '7'),
(287, 73, 'creator', 'initium dev'),
(288, 74, 'date_start', '2023-06-09'),
(289, 74, 'date_end', '2024-06-09'),
(290, 74, 'time_start', '21:00'),
(291, 74, 'time_end', '23:00'),
(292, 74, 'repeat', '7'),
(293, 74, 'creator', 'initium dev'),
(294, 75, 'player-names', 'N;'),
(295, 75, 'directpay', 'true'),
(296, 75, 'paymentMethod', 'stripe'),
(297, 76, 'player-names', 'N;'),
(298, 76, 'directpay', 'true'),
(299, 76, 'paymentMethod', 'stripe');

-- --------------------------------------------------------

--
-- Table structure for table `bs_events`
--

CREATE TABLE `bs_events` (
  `eid` int(10) UNSIGNED NOT NULL,
  `sid` int(10) UNSIGNED DEFAULT NULL COMMENT 'NULL for all',
  `status` varchar(64) NOT NULL DEFAULT 'enabled' COMMENT 'enabled',
  `datetime_start` datetime NOT NULL,
  `datetime_end` datetime NOT NULL,
  `capacity` int(10) UNSIGNED DEFAULT NULL
) ENGINE=InnoDB DEFAULT CHARSET=utf8 COLLATE=utf8_general_ci;

-- --------------------------------------------------------

--
-- Table structure for table `bs_events_meta`
--

CREATE TABLE `bs_events_meta` (
  `emid` int(10) UNSIGNED NOT NULL,
  `eid` int(10) UNSIGNED NOT NULL,
  `key` varchar(64) NOT NULL,
  `value` text NOT NULL,
  `locale` varchar(8) DEFAULT NULL
) ENGINE=InnoDB DEFAULT CHARSET=utf8 COLLATE=utf8_general_ci;

-- --------------------------------------------------------

--
-- Table structure for table `bs_options`
--

CREATE TABLE `bs_options` (
  `oid` int(10) UNSIGNED NOT NULL,
  `key` varchar(64) NOT NULL,
  `value` text NOT NULL,
  `locale` varchar(8) DEFAULT NULL
) ENGINE=InnoDB DEFAULT CHARSET=utf8 COLLATE=utf8_general_ci;

--
-- Dumping data for table `bs_options`
--

INSERT INTO `bs_options` (`oid`, `key`, `value`, `locale`) VALUES
(1, 'client.name.full', 'PFB', NULL),
(2, 'client.name.short', 'PFB', NULL),
(3, 'client.contact.email', 'initium.tech.dev@gmail.com', NULL),
(4, 'client.contact.email.user-notifications', '1', NULL),
(5, 'client.contact.phone', '000', NULL),
(6, 'client.website', 'website', NULL),
(7, 'client.website.contact', 'contact page', NULL),
(8, 'client.website.imprint', 'imprint page', NULL),
(9, 'client.website.privacy', 'privacy policy page', NULL),
(10, 'service.name.full', 'Bookingsystem', NULL),
(11, 'service.name.short', 'BS', NULL),
(12, 'service.meta.description', 'description of services', NULL),
(13, 'subject.square.type', 'Court', NULL),
(14, 'subject.square.type.plural', 'Courts', NULL),
(15, 'subject.square.unit', 'Player', NULL),
(16, 'subject.square.unit.plural', 'Players', NULL),
(17, 'subject.type', 'our Facility', NULL),
(18, 'service.user.registration', 'true', NULL),
(19, 'service.user.activation', 'email', NULL),
(20, 'service.calendar.days', '1', NULL),
(21, 'service.website', 'http://localhost/', NULL),
(22, 'service.branding', 'true', NULL),
(23, 'service.branding.name', 'ep-3 Bookingsystem', NULL),
(24, 'service.branding.website', 'http://bs.hbsys.de/', NULL),
(25, 'service.pricing.visibility', 'public', NULL),
(26, 'service.status-values.billing', 'Pending (pending)\r\nPaid (paid)\r\nCancelled (cancelled)\r\nUncollectable (uncollectable)\r\nRegular (regular) #ffa500', 'en-US'),
(27, 'client.contact.email.user-notifications', '1', 'en-US'),
(28, 'service.maintenance', 'false', NULL),
(29, 'service.calendar.display-club-exceptions', '0', NULL),
(30, 'client.name.full', 'Pro Fit Badminton', 'en-US'),
(31, 'client.contact.phone', '(03) 9558 9835', 'en-US'),
(32, 'service.name.full', 'Booking system', 'en-US'),
(33, 'company.name.full', 'Initium Technology', 'en-US');

-- --------------------------------------------------------

--
-- Table structure for table `bs_reservations`
--

CREATE TABLE `bs_reservations` (
  `rid` int(10) UNSIGNED NOT NULL,
  `bid` int(10) UNSIGNED NOT NULL,
  `date` date NOT NULL,
  `time_start` time NOT NULL,
  `time_end` time NOT NULL
) ENGINE=InnoDB DEFAULT CHARSET=utf8 COLLATE=utf8_general_ci;

--
-- Dumping data for table `bs_reservations`
--

INSERT INTO `bs_reservations` (`rid`, `bid`, `date`, `time_start`, `time_end`) VALUES
(16, 16, '2023-06-02', '11:00:00', '11:30:00'),
(17, 17, '2023-06-02', '13:00:00', '14:00:00'),
(18, 18, '2023-06-03', '11:00:00', '11:30:00'),
(19, 19, '2023-06-02', '08:00:00', '09:00:00'),
(20, 20, '2023-06-03', '08:00:00', '09:00:00'),
(21, 21, '2023-06-02', '09:00:00', '10:00:00'),
(22, 22, '2023-06-03', '14:00:00', '15:00:00'),
(23, 23, '2023-06-03', '10:00:00', '11:00:00'),
(77, 38, '2023-06-09', '10:00:00', '13:00:00'),
(78, 38, '2023-06-16', '10:00:00', '13:00:00'),
(79, 38, '2023-06-23', '10:00:00', '13:00:00'),
(80, 38, '2023-06-30', '10:00:00', '13:00:00'),
(81, 38, '2023-07-07', '10:00:00', '13:00:00'),
(82, 38, '2023-07-14', '10:00:00', '13:00:00'),
(83, 38, '2023-07-21', '10:00:00', '13:00:00'),
(84, 38, '2023-07-28', '10:00:00', '13:00:00'),
(85, 38, '2023-08-04', '10:00:00', '13:00:00'),
(86, 38, '2023-08-11', '10:00:00', '13:00:00'),
(87, 38, '2023-08-18', '10:00:00', '13:00:00'),
(88, 38, '2023-08-25', '10:00:00', '13:00:00'),
(89, 38, '2023-09-01', '10:00:00', '13:00:00'),
(90, 38, '2023-09-08', '10:00:00', '13:00:00'),
(91, 38, '2023-09-15', '10:00:00', '13:00:00'),
(92, 38, '2023-09-22', '10:00:00', '13:00:00'),
(93, 38, '2023-09-29', '10:00:00', '13:00:00'),
(94, 38, '2023-10-06', '10:00:00', '13:00:00'),
(95, 38, '2023-10-13', '10:00:00', '13:00:00'),
(96, 38, '2023-10-20', '10:00:00', '13:00:00'),
(97, 38, '2023-10-27', '10:00:00', '13:00:00'),
(98, 38, '2023-11-03', '10:00:00', '13:00:00'),
(99, 38, '2023-11-10', '10:00:00', '13:00:00'),
(100, 38, '2023-11-17', '10:00:00', '13:00:00'),
(101, 38, '2023-11-24', '10:00:00', '13:00:00'),
(102, 38, '2023-12-01', '10:00:00', '13:00:00'),
(103, 38, '2023-12-08', '10:00:00', '13:00:00'),
(104, 38, '2023-12-15', '10:00:00', '13:00:00'),
(105, 38, '2023-12-22', '10:00:00', '13:00:00'),
(106, 38, '2023-12-29', '10:00:00', '13:00:00'),
(107, 38, '2024-01-05', '10:00:00', '13:00:00'),
(108, 38, '2024-01-12', '10:00:00', '13:00:00'),
(109, 38, '2024-01-19', '10:00:00', '13:00:00'),
(110, 38, '2024-01-26', '10:00:00', '13:00:00'),
(111, 38, '2024-02-02', '10:00:00', '13:00:00'),
(112, 38, '2024-02-09', '10:00:00', '13:00:00'),
(113, 38, '2024-02-16', '10:00:00', '13:00:00'),
(114, 38, '2024-02-23', '10:00:00', '13:00:00'),
(115, 38, '2024-03-01', '10:00:00', '13:00:00'),
(116, 38, '2024-03-08', '10:00:00', '13:00:00'),
(117, 38, '2024-03-15', '10:00:00', '13:00:00'),
(118, 38, '2024-03-22', '10:00:00', '13:00:00'),
(119, 38, '2024-03-29', '10:00:00', '13:00:00'),
(120, 38, '2024-04-05', '10:00:00', '13:00:00'),
(121, 38, '2024-04-12', '10:00:00', '13:00:00'),
(122, 38, '2024-04-19', '10:00:00', '13:00:00'),
(123, 38, '2024-04-26', '10:00:00', '13:00:00'),
(124, 38, '2024-05-03', '10:00:00', '13:00:00'),
(125, 38, '2024-05-10', '10:00:00', '13:00:00'),
(126, 38, '2024-05-17', '10:00:00', '13:00:00'),
(127, 38, '2024-05-24', '10:00:00', '13:00:00'),
(128, 38, '2024-05-31', '10:00:00', '13:00:00'),
(129, 38, '2024-06-07', '10:00:00', '13:00:00'),
(130, 39, '2023-06-09', '10:00:00', '13:00:00'),
(131, 39, '2023-06-16', '10:00:00', '13:00:00'),
(132, 39, '2023-06-23', '10:00:00', '13:00:00'),
(133, 39, '2023-06-30', '10:00:00', '13:00:00'),
(134, 39, '2023-07-07', '10:00:00', '13:00:00'),
(135, 39, '2023-07-14', '10:00:00', '13:00:00'),
(136, 39, '2023-07-21', '10:00:00', '13:00:00'),
(137, 39, '2023-07-28', '10:00:00', '13:00:00'),
(138, 39, '2023-08-04', '10:00:00', '13:00:00'),
(139, 39, '2023-08-11', '10:00:00', '13:00:00'),
(140, 39, '2023-08-18', '10:00:00', '13:00:00'),
(141, 39, '2023-08-25', '10:00:00', '13:00:00'),
(142, 39, '2023-09-01', '10:00:00', '13:00:00'),
(143, 39, '2023-09-08', '10:00:00', '13:00:00'),
(144, 39, '2023-09-15', '10:00:00', '13:00:00'),
(145, 39, '2023-09-22', '10:00:00', '13:00:00'),
(146, 39, '2023-09-29', '10:00:00', '13:00:00'),
(147, 39, '2023-10-06', '10:00:00', '13:00:00'),
(148, 39, '2023-10-13', '10:00:00', '13:00:00'),
(149, 39, '2023-10-20', '10:00:00', '13:00:00'),
(150, 39, '2023-10-27', '10:00:00', '13:00:00'),
(151, 39, '2023-11-03', '10:00:00', '13:00:00'),
(152, 39, '2023-11-10', '10:00:00', '13:00:00'),
(153, 39, '2023-11-17', '10:00:00', '13:00:00'),
(154, 39, '2023-11-24', '10:00:00', '13:00:00'),
(155, 39, '2023-12-01', '10:00:00', '13:00:00'),
(156, 39, '2023-12-08', '10:00:00', '13:00:00'),
(157, 39, '2023-12-15', '10:00:00', '13:00:00'),
(158, 39, '2023-12-22', '10:00:00', '13:00:00'),
(159, 39, '2023-12-29', '10:00:00', '13:00:00'),
(160, 39, '2024-01-05', '10:00:00', '13:00:00'),
(161, 39, '2024-01-12', '10:00:00', '13:00:00'),
(162, 39, '2024-01-19', '10:00:00', '13:00:00'),
(163, 39, '2024-01-26', '10:00:00', '13:00:00'),
(164, 39, '2024-02-02', '10:00:00', '13:00:00'),
(165, 39, '2024-02-09', '10:00:00', '13:00:00'),
(166, 39, '2024-02-16', '10:00:00', '13:00:00'),
(167, 39, '2024-02-23', '10:00:00', '13:00:00'),
(168, 39, '2024-03-01', '10:00:00', '13:00:00'),
(169, 39, '2024-03-08', '10:00:00', '13:00:00'),
(170, 39, '2024-03-15', '10:00:00', '13:00:00'),
(171, 39, '2024-03-22', '10:00:00', '13:00:00'),
(172, 39, '2024-03-29', '10:00:00', '13:00:00'),
(173, 39, '2024-04-05', '10:00:00', '13:00:00'),
(174, 39, '2024-04-12', '10:00:00', '13:00:00'),
(175, 39, '2024-04-19', '10:00:00', '13:00:00'),
(176, 39, '2024-04-26', '10:00:00', '13:00:00'),
(177, 39, '2024-05-03', '10:00:00', '13:00:00'),
(178, 39, '2024-05-10', '10:00:00', '13:00:00'),
(179, 39, '2024-05-17', '10:00:00', '13:00:00'),
(180, 39, '2024-05-24', '10:00:00', '13:00:00'),
(181, 39, '2024-05-31', '10:00:00', '13:00:00'),
(182, 39, '2024-06-07', '10:00:00', '13:00:00'),
(183, 41, '2023-06-09', '10:00:00', '13:00:00'),
(184, 41, '2023-06-16', '10:00:00', '13:00:00'),
(185, 41, '2023-06-23', '10:00:00', '13:00:00'),
(186, 41, '2023-06-30', '10:00:00', '13:00:00'),
(187, 41, '2023-07-07', '10:00:00', '13:00:00'),
(188, 41, '2023-07-14', '10:00:00', '13:00:00'),
(189, 41, '2023-07-21', '10:00:00', '13:00:00'),
(190, 41, '2023-07-28', '10:00:00', '13:00:00'),
(191, 41, '2023-08-04', '10:00:00', '13:00:00'),
(192, 41, '2023-08-11', '10:00:00', '13:00:00'),
(193, 41, '2023-08-18', '10:00:00', '13:00:00'),
(194, 41, '2023-08-25', '10:00:00', '13:00:00'),
(195, 41, '2023-09-01', '10:00:00', '13:00:00'),
(196, 41, '2023-09-08', '10:00:00', '13:00:00'),
(197, 41, '2023-09-15', '10:00:00', '13:00:00'),
(198, 41, '2023-09-22', '10:00:00', '13:00:00'),
(199, 41, '2023-09-29', '10:00:00', '13:00:00'),
(200, 41, '2023-10-06', '10:00:00', '13:00:00'),
(201, 41, '2023-10-13', '10:00:00', '13:00:00'),
(202, 41, '2023-10-20', '10:00:00', '13:00:00'),
(203, 41, '2023-10-27', '10:00:00', '13:00:00'),
(204, 41, '2023-11-03', '10:00:00', '13:00:00'),
(205, 41, '2023-11-10', '10:00:00', '13:00:00'),
(206, 41, '2023-11-17', '10:00:00', '13:00:00'),
(207, 41, '2023-11-24', '10:00:00', '13:00:00'),
(208, 41, '2023-12-01', '10:00:00', '13:00:00'),
(209, 41, '2023-12-08', '10:00:00', '13:00:00'),
(210, 41, '2023-12-15', '10:00:00', '13:00:00'),
(211, 41, '2023-12-22', '10:00:00', '13:00:00'),
(212, 41, '2023-12-29', '10:00:00', '13:00:00'),
(213, 41, '2024-01-05', '10:00:00', '13:00:00'),
(214, 41, '2024-01-12', '10:00:00', '13:00:00'),
(215, 41, '2024-01-19', '10:00:00', '13:00:00'),
(216, 41, '2024-01-26', '10:00:00', '13:00:00'),
(217, 41, '2024-02-02', '10:00:00', '13:00:00'),
(218, 41, '2024-02-09', '10:00:00', '13:00:00'),
(219, 41, '2024-02-16', '10:00:00', '13:00:00'),
(220, 41, '2024-02-23', '10:00:00', '13:00:00'),
(221, 41, '2024-03-01', '10:00:00', '13:00:00'),
(222, 41, '2024-03-08', '10:00:00', '13:00:00'),
(223, 41, '2024-03-15', '10:00:00', '13:00:00'),
(224, 41, '2024-03-22', '10:00:00', '13:00:00'),
(225, 41, '2024-03-29', '10:00:00', '13:00:00'),
(226, 41, '2024-04-05', '10:00:00', '13:00:00'),
(227, 41, '2024-04-12', '10:00:00', '13:00:00'),
(228, 41, '2024-04-19', '10:00:00', '13:00:00'),
(229, 41, '2024-04-26', '10:00:00', '13:00:00'),
(230, 41, '2024-05-03', '10:00:00', '13:00:00'),
(231, 41, '2024-05-10', '10:00:00', '13:00:00'),
(232, 41, '2024-05-17', '10:00:00', '13:00:00'),
(233, 41, '2024-05-24', '10:00:00', '13:00:00'),
(234, 41, '2024-05-31', '10:00:00', '13:00:00'),
(235, 41, '2024-06-07', '10:00:00', '13:00:00'),
(236, 42, '2023-06-09', '12:00:00', '13:00:00'),
(237, 42, '2023-06-16', '12:00:00', '13:00:00'),
(238, 42, '2023-06-23', '12:00:00', '13:00:00'),
(239, 42, '2023-06-30', '12:00:00', '13:00:00'),
(240, 42, '2023-07-07', '12:00:00', '13:00:00'),
(241, 42, '2023-07-14', '12:00:00', '13:00:00'),
(242, 42, '2023-07-21', '12:00:00', '13:00:00'),
(243, 42, '2023-07-28', '12:00:00', '13:00:00'),
(244, 42, '2023-08-04', '12:00:00', '13:00:00'),
(245, 42, '2023-08-11', '12:00:00', '13:00:00'),
(246, 42, '2023-08-18', '12:00:00', '13:00:00'),
(247, 42, '2023-08-25', '12:00:00', '13:00:00'),
(248, 42, '2023-09-01', '12:00:00', '13:00:00'),
(249, 42, '2023-09-08', '12:00:00', '13:00:00'),
(250, 42, '2023-09-15', '12:00:00', '13:00:00'),
(251, 42, '2023-09-22', '12:00:00', '13:00:00'),
(252, 42, '2023-09-29', '12:00:00', '13:00:00'),
(253, 42, '2023-10-06', '12:00:00', '13:00:00'),
(254, 42, '2023-10-13', '12:00:00', '13:00:00'),
(255, 42, '2023-10-20', '12:00:00', '13:00:00'),
(256, 42, '2023-10-27', '12:00:00', '13:00:00'),
(257, 42, '2023-11-03', '12:00:00', '13:00:00'),
(258, 42, '2023-11-10', '12:00:00', '13:00:00'),
(259, 42, '2023-11-17', '12:00:00', '13:00:00'),
(260, 42, '2023-11-24', '12:00:00', '13:00:00'),
(261, 42, '2023-12-01', '12:00:00', '13:00:00'),
(262, 42, '2023-12-08', '12:00:00', '13:00:00'),
(263, 42, '2023-12-15', '12:00:00', '13:00:00'),
(264, 42, '2023-12-22', '12:00:00', '13:00:00'),
(265, 42, '2023-12-29', '12:00:00', '13:00:00'),
(266, 42, '2024-01-05', '12:00:00', '13:00:00'),
(267, 42, '2024-01-12', '12:00:00', '13:00:00'),
(268, 42, '2024-01-19', '12:00:00', '13:00:00'),
(269, 42, '2024-01-26', '12:00:00', '13:00:00'),
(270, 42, '2024-02-02', '12:00:00', '13:00:00'),
(271, 42, '2024-02-09', '12:00:00', '13:00:00'),
(272, 42, '2024-02-16', '12:00:00', '13:00:00'),
(273, 42, '2024-02-23', '12:00:00', '13:00:00'),
(274, 42, '2024-03-01', '12:00:00', '13:00:00'),
(275, 42, '2024-03-08', '12:00:00', '13:00:00'),
(276, 42, '2024-03-15', '12:00:00', '13:00:00'),
(277, 42, '2024-03-22', '12:00:00', '13:00:00'),
(278, 42, '2024-03-29', '12:00:00', '13:00:00'),
(279, 42, '2024-04-05', '12:00:00', '13:00:00'),
(280, 42, '2024-04-12', '12:00:00', '13:00:00'),
(281, 42, '2024-04-19', '12:00:00', '13:00:00'),
(282, 42, '2024-04-26', '12:00:00', '13:00:00'),
(283, 42, '2024-05-03', '12:00:00', '13:00:00'),
(284, 42, '2024-05-10', '12:00:00', '13:00:00'),
(285, 42, '2024-05-17', '12:00:00', '13:00:00'),
(286, 42, '2024-05-24', '12:00:00', '13:00:00'),
(287, 42, '2024-05-31', '12:00:00', '13:00:00'),
(288, 42, '2024-06-07', '12:00:00', '13:00:00'),
(289, 43, '2023-06-09', '15:00:00', '16:30:00'),
(290, 43, '2023-06-16', '15:00:00', '16:30:00'),
(291, 43, '2023-06-23', '15:00:00', '16:30:00'),
(292, 43, '2023-06-30', '15:00:00', '16:30:00'),
(293, 43, '2023-07-07', '15:00:00', '16:30:00'),
(294, 43, '2023-07-14', '15:00:00', '16:30:00'),
(295, 43, '2023-07-21', '15:00:00', '16:30:00'),
(296, 43, '2023-07-28', '15:00:00', '16:30:00'),
(297, 43, '2023-08-04', '15:00:00', '16:30:00'),
(298, 43, '2023-08-11', '15:00:00', '16:30:00'),
(299, 43, '2023-08-18', '15:00:00', '16:30:00'),
(300, 43, '2023-08-25', '15:00:00', '16:30:00'),
(301, 43, '2023-09-01', '15:00:00', '16:30:00'),
(302, 43, '2023-09-08', '15:00:00', '16:30:00'),
(303, 43, '2023-09-15', '15:00:00', '16:30:00'),
(304, 43, '2023-09-22', '15:00:00', '16:30:00'),
(305, 43, '2023-09-29', '15:00:00', '16:30:00'),
(306, 43, '2023-10-06', '15:00:00', '16:30:00'),
(307, 43, '2023-10-13', '15:00:00', '16:30:00'),
(308, 43, '2023-10-20', '15:00:00', '16:30:00'),
(309, 43, '2023-10-27', '15:00:00', '16:30:00'),
(310, 43, '2023-11-03', '15:00:00', '16:30:00'),
(311, 43, '2023-11-10', '15:00:00', '16:30:00'),
(312, 43, '2023-11-17', '15:00:00', '16:30:00'),
(313, 43, '2023-11-24', '15:00:00', '16:30:00'),
(314, 43, '2023-12-01', '15:00:00', '16:30:00'),
(315, 43, '2023-12-08', '15:00:00', '16:30:00'),
(316, 43, '2023-12-15', '15:00:00', '16:30:00'),
(317, 43, '2023-12-22', '15:00:00', '16:30:00'),
(318, 43, '2023-12-29', '15:00:00', '16:30:00'),
(319, 43, '2024-01-05', '15:00:00', '16:30:00'),
(320, 43, '2024-01-12', '15:00:00', '16:30:00'),
(321, 43, '2024-01-19', '15:00:00', '16:30:00'),
(322, 43, '2024-01-26', '15:00:00', '16:30:00'),
(323, 43, '2024-02-02', '15:00:00', '16:30:00'),
(324, 43, '2024-02-09', '15:00:00', '16:30:00'),
(325, 43, '2024-02-16', '15:00:00', '16:30:00'),
(326, 43, '2024-02-23', '15:00:00', '16:30:00'),
(327, 43, '2024-03-01', '15:00:00', '16:30:00'),
(328, 43, '2024-03-08', '15:00:00', '16:30:00'),
(329, 43, '2024-03-15', '15:00:00', '16:30:00'),
(330, 43, '2024-03-22', '15:00:00', '16:30:00'),
(331, 43, '2024-03-29', '15:00:00', '16:30:00'),
(332, 43, '2024-04-05', '15:00:00', '16:30:00'),
(333, 43, '2024-04-12', '15:00:00', '16:30:00'),
(334, 43, '2024-04-19', '15:00:00', '16:30:00'),
(335, 43, '2024-04-26', '15:00:00', '16:30:00'),
(336, 43, '2024-05-03', '15:00:00', '16:30:00'),
(337, 43, '2024-05-10', '15:00:00', '16:30:00'),
(338, 43, '2024-05-17', '15:00:00', '16:30:00'),
(339, 43, '2024-05-24', '15:00:00', '16:30:00'),
(340, 43, '2024-05-31', '15:00:00', '16:30:00'),
(341, 43, '2024-06-07', '15:00:00', '16:30:00'),
(342, 44, '2023-06-09', '16:30:00', '19:00:00'),
(343, 44, '2023-06-16', '16:30:00', '19:00:00'),
(344, 44, '2023-06-23', '16:30:00', '19:00:00'),
(345, 44, '2023-06-30', '16:30:00', '19:00:00'),
(346, 44, '2023-07-07', '16:30:00', '19:00:00'),
(347, 44, '2023-07-14', '16:30:00', '19:00:00'),
(348, 44, '2023-07-21', '16:30:00', '19:00:00'),
(349, 44, '2023-07-28', '16:30:00', '19:00:00'),
(350, 44, '2023-08-04', '16:30:00', '19:00:00'),
(351, 44, '2023-08-11', '16:30:00', '19:00:00'),
(352, 44, '2023-08-18', '16:30:00', '19:00:00'),
(353, 44, '2023-08-25', '16:30:00', '19:00:00'),
(354, 44, '2023-09-01', '16:30:00', '19:00:00'),
(355, 44, '2023-09-08', '16:30:00', '19:00:00'),
(356, 44, '2023-09-15', '16:30:00', '19:00:00'),
(357, 44, '2023-09-22', '16:30:00', '19:00:00'),
(358, 44, '2023-09-29', '16:30:00', '19:00:00'),
(359, 44, '2023-10-06', '16:30:00', '19:00:00'),
(360, 44, '2023-10-13', '16:30:00', '19:00:00'),
(361, 44, '2023-10-20', '16:30:00', '19:00:00'),
(362, 44, '2023-10-27', '16:30:00', '19:00:00'),
(363, 44, '2023-11-03', '16:30:00', '19:00:00'),
(364, 44, '2023-11-10', '16:30:00', '19:00:00'),
(365, 44, '2023-11-17', '16:30:00', '19:00:00'),
(366, 44, '2023-11-24', '16:30:00', '19:00:00'),
(367, 44, '2023-12-01', '16:30:00', '19:00:00'),
(368, 44, '2023-12-08', '16:30:00', '19:00:00'),
(369, 44, '2023-12-15', '16:30:00', '19:00:00'),
(370, 44, '2023-12-22', '16:30:00', '19:00:00'),
(371, 44, '2023-12-29', '16:30:00', '19:00:00'),
(372, 44, '2024-01-05', '16:30:00', '19:00:00'),
(373, 44, '2024-01-12', '16:30:00', '19:00:00'),
(374, 44, '2024-01-19', '16:30:00', '19:00:00'),
(375, 44, '2024-01-26', '16:30:00', '19:00:00'),
(376, 44, '2024-02-02', '16:30:00', '19:00:00'),
(377, 44, '2024-02-09', '16:30:00', '19:00:00'),
(378, 44, '2024-02-16', '16:30:00', '19:00:00'),
(379, 44, '2024-02-23', '16:30:00', '19:00:00'),
(380, 44, '2024-03-01', '16:30:00', '19:00:00'),
(381, 44, '2024-03-08', '16:30:00', '19:00:00'),
(382, 44, '2024-03-15', '16:30:00', '19:00:00'),
(383, 44, '2024-03-22', '16:30:00', '19:00:00'),
(384, 44, '2024-03-29', '16:30:00', '19:00:00'),
(385, 44, '2024-04-05', '16:30:00', '19:00:00'),
(386, 44, '2024-04-12', '16:30:00', '19:00:00'),
(387, 44, '2024-04-19', '16:30:00', '19:00:00'),
(388, 44, '2024-04-26', '16:30:00', '19:00:00'),
(389, 44, '2024-05-03', '16:30:00', '19:00:00'),
(390, 44, '2024-05-10', '16:30:00', '19:00:00'),
(391, 44, '2024-05-17', '16:30:00', '19:00:00'),
(392, 44, '2024-05-24', '16:30:00', '19:00:00'),
(393, 44, '2024-05-31', '16:30:00', '19:00:00'),
(394, 44, '2024-06-07', '16:30:00', '19:00:00'),
(395, 45, '2023-06-09', '15:30:00', '17:30:00'),
(396, 45, '2023-06-16', '15:30:00', '17:30:00'),
(397, 45, '2023-06-23', '15:30:00', '17:30:00'),
(398, 45, '2023-06-30', '15:30:00', '17:30:00'),
(399, 45, '2023-07-07', '15:30:00', '17:30:00'),
(400, 45, '2023-07-14', '15:30:00', '17:30:00'),
(401, 45, '2023-07-21', '15:30:00', '17:30:00'),
(402, 45, '2023-07-28', '15:30:00', '17:30:00'),
(403, 45, '2023-08-04', '15:30:00', '17:30:00'),
(404, 45, '2023-08-11', '15:30:00', '17:30:00'),
(405, 45, '2023-08-18', '15:30:00', '17:30:00'),
(406, 45, '2023-08-25', '15:30:00', '17:30:00'),
(407, 45, '2023-09-01', '15:30:00', '17:30:00'),
(408, 45, '2023-09-08', '15:30:00', '17:30:00'),
(409, 45, '2023-09-15', '15:30:00', '17:30:00'),
(410, 45, '2023-09-22', '15:30:00', '17:30:00'),
(411, 45, '2023-09-29', '15:30:00', '17:30:00'),
(412, 45, '2023-10-06', '15:30:00', '17:30:00'),
(413, 45, '2023-10-13', '15:30:00', '17:30:00'),
(414, 45, '2023-10-20', '15:30:00', '17:30:00'),
(415, 45, '2023-10-27', '15:30:00', '17:30:00'),
(416, 45, '2023-11-03', '15:30:00', '17:30:00'),
(417, 45, '2023-11-10', '15:30:00', '17:30:00'),
(418, 45, '2023-11-17', '15:30:00', '17:30:00'),
(419, 45, '2023-11-24', '15:30:00', '17:30:00'),
(420, 45, '2023-12-01', '15:30:00', '17:30:00'),
(421, 45, '2023-12-08', '15:30:00', '17:30:00'),
(422, 45, '2023-12-15', '15:30:00', '17:30:00'),
(423, 45, '2023-12-22', '15:30:00', '17:30:00'),
(424, 45, '2023-12-29', '15:30:00', '17:30:00'),
(425, 45, '2024-01-05', '15:30:00', '17:30:00'),
(426, 45, '2024-01-12', '15:30:00', '17:30:00'),
(427, 45, '2024-01-19', '15:30:00', '17:30:00'),
(428, 45, '2024-01-26', '15:30:00', '17:30:00'),
(429, 45, '2024-02-02', '15:30:00', '17:30:00'),
(430, 45, '2024-02-09', '15:30:00', '17:30:00'),
(431, 45, '2024-02-16', '15:30:00', '17:30:00'),
(432, 45, '2024-02-23', '15:30:00', '17:30:00'),
(433, 45, '2024-03-01', '15:30:00', '17:30:00'),
(434, 45, '2024-03-08', '15:30:00', '17:30:00'),
(435, 45, '2024-03-15', '15:30:00', '17:30:00'),
(436, 45, '2024-03-22', '15:30:00', '17:30:00'),
(437, 45, '2024-03-29', '15:30:00', '17:30:00'),
(438, 45, '2024-04-05', '15:30:00', '17:30:00'),
(439, 45, '2024-04-12', '15:30:00', '17:30:00'),
(440, 45, '2024-04-19', '15:30:00', '17:30:00'),
(441, 45, '2024-04-26', '15:30:00', '17:30:00'),
(442, 45, '2024-05-03', '15:30:00', '17:30:00'),
(443, 45, '2024-05-10', '15:30:00', '17:30:00'),
(444, 45, '2024-05-17', '15:30:00', '17:30:00'),
(445, 45, '2024-05-24', '15:30:00', '17:30:00'),
(446, 45, '2024-05-31', '15:30:00', '17:30:00'),
(447, 45, '2024-06-07', '15:30:00', '17:30:00'),
(448, 46, '2023-06-09', '17:30:00', '19:00:00'),
(449, 46, '2023-06-16', '17:30:00', '19:00:00'),
(450, 46, '2023-06-23', '17:30:00', '19:00:00'),
(451, 46, '2023-06-30', '17:30:00', '19:00:00'),
(452, 46, '2023-07-07', '17:30:00', '19:00:00'),
(453, 46, '2023-07-14', '17:30:00', '19:00:00'),
(454, 46, '2023-07-21', '17:30:00', '19:00:00'),
(455, 46, '2023-07-28', '17:30:00', '19:00:00'),
(456, 46, '2023-08-04', '17:30:00', '19:00:00'),
(457, 46, '2023-08-11', '17:30:00', '19:00:00'),
(458, 46, '2023-08-18', '17:30:00', '19:00:00'),
(459, 46, '2023-08-25', '17:30:00', '19:00:00'),
(460, 46, '2023-09-01', '17:30:00', '19:00:00'),
(461, 46, '2023-09-08', '17:30:00', '19:00:00'),
(462, 46, '2023-09-15', '17:30:00', '19:00:00'),
(463, 46, '2023-09-22', '17:30:00', '19:00:00'),
(464, 46, '2023-09-29', '17:30:00', '19:00:00'),
(465, 46, '2023-10-06', '17:30:00', '19:00:00'),
(466, 46, '2023-10-13', '17:30:00', '19:00:00'),
(467, 46, '2023-10-20', '17:30:00', '19:00:00'),
(468, 46, '2023-10-27', '17:30:00', '19:00:00'),
(469, 46, '2023-11-03', '17:30:00', '19:00:00'),
(470, 46, '2023-11-10', '17:30:00', '19:00:00'),
(471, 46, '2023-11-17', '17:30:00', '19:00:00'),
(472, 46, '2023-11-24', '17:30:00', '19:00:00'),
(473, 46, '2023-12-01', '17:30:00', '19:00:00'),
(474, 46, '2023-12-08', '17:30:00', '19:00:00'),
(475, 46, '2023-12-15', '17:30:00', '19:00:00'),
(476, 46, '2023-12-22', '17:30:00', '19:00:00'),
(477, 46, '2023-12-29', '17:30:00', '19:00:00'),
(478, 46, '2024-01-05', '17:30:00', '19:00:00'),
(479, 46, '2024-01-12', '17:30:00', '19:00:00'),
(480, 46, '2024-01-19', '17:30:00', '19:00:00'),
(481, 46, '2024-01-26', '17:30:00', '19:00:00'),
(482, 46, '2024-02-02', '17:30:00', '19:00:00'),
(483, 46, '2024-02-09', '17:30:00', '19:00:00'),
(484, 46, '2024-02-16', '17:30:00', '19:00:00'),
(485, 46, '2024-02-23', '17:30:00', '19:00:00'),
(486, 46, '2024-03-01', '17:30:00', '19:00:00'),
(487, 46, '2024-03-08', '17:30:00', '19:00:00'),
(488, 46, '2024-03-15', '17:30:00', '19:00:00'),
(489, 46, '2024-03-22', '17:30:00', '19:00:00'),
(490, 46, '2024-03-29', '17:30:00', '19:00:00'),
(491, 46, '2024-04-05', '17:30:00', '19:00:00'),
(492, 46, '2024-04-12', '17:30:00', '19:00:00'),
(493, 46, '2024-04-19', '17:30:00', '19:00:00'),
(494, 46, '2024-04-26', '17:30:00', '19:00:00'),
(495, 46, '2024-05-03', '17:30:00', '19:00:00'),
(496, 46, '2024-05-10', '17:30:00', '19:00:00'),
(497, 46, '2024-05-17', '17:30:00', '19:00:00'),
(498, 46, '2024-05-24', '17:30:00', '19:00:00'),
(499, 46, '2024-05-31', '17:30:00', '19:00:00'),
(500, 46, '2024-06-07', '17:30:00', '19:00:00'),
(501, 47, '2023-06-09', '17:00:00', '18:00:00'),
(502, 47, '2023-06-16', '17:00:00', '18:00:00'),
(503, 47, '2023-06-23', '17:00:00', '18:00:00'),
(504, 47, '2023-06-30', '17:00:00', '18:00:00'),
(505, 47, '2023-07-07', '17:00:00', '18:00:00'),
(506, 47, '2023-07-14', '17:00:00', '18:00:00'),
(507, 47, '2023-07-21', '17:00:00', '18:00:00'),
(508, 47, '2023-07-28', '17:00:00', '18:00:00'),
(509, 47, '2023-08-04', '17:00:00', '18:00:00'),
(510, 47, '2023-08-11', '17:00:00', '18:00:00'),
(511, 47, '2023-08-18', '17:00:00', '18:00:00'),
(512, 47, '2023-08-25', '17:00:00', '18:00:00'),
(513, 47, '2023-09-01', '17:00:00', '18:00:00'),
(514, 47, '2023-09-08', '17:00:00', '18:00:00'),
(515, 47, '2023-09-15', '17:00:00', '18:00:00'),
(516, 47, '2023-09-22', '17:00:00', '18:00:00'),
(517, 47, '2023-09-29', '17:00:00', '18:00:00'),
(518, 47, '2023-10-06', '17:00:00', '18:00:00'),
(519, 47, '2023-10-13', '17:00:00', '18:00:00'),
(520, 47, '2023-10-20', '17:00:00', '18:00:00'),
(521, 47, '2023-10-27', '17:00:00', '18:00:00'),
(522, 47, '2023-11-03', '17:00:00', '18:00:00'),
(523, 47, '2023-11-10', '17:00:00', '18:00:00'),
(524, 47, '2023-11-17', '17:00:00', '18:00:00'),
(525, 47, '2023-11-24', '17:00:00', '18:00:00'),
(526, 47, '2023-12-01', '17:00:00', '18:00:00'),
(527, 47, '2023-12-08', '17:00:00', '18:00:00'),
(528, 47, '2023-12-15', '17:00:00', '18:00:00'),
(529, 47, '2023-12-22', '17:00:00', '18:00:00'),
(530, 47, '2023-12-29', '17:00:00', '18:00:00'),
(531, 47, '2024-01-05', '17:00:00', '18:00:00'),
(532, 47, '2024-01-12', '17:00:00', '18:00:00'),
(533, 47, '2024-01-19', '17:00:00', '18:00:00'),
(534, 47, '2024-01-26', '17:00:00', '18:00:00'),
(535, 47, '2024-02-02', '17:00:00', '18:00:00'),
(536, 47, '2024-02-09', '17:00:00', '18:00:00'),
(537, 47, '2024-02-16', '17:00:00', '18:00:00'),
(538, 47, '2024-02-23', '17:00:00', '18:00:00'),
(539, 47, '2024-03-01', '17:00:00', '18:00:00'),
(540, 47, '2024-03-08', '17:00:00', '18:00:00'),
(541, 47, '2024-03-15', '17:00:00', '18:00:00'),
(542, 47, '2024-03-22', '17:00:00', '18:00:00'),
(543, 47, '2024-03-29', '17:00:00', '18:00:00'),
(544, 47, '2024-04-05', '17:00:00', '18:00:00'),
(545, 47, '2024-04-12', '17:00:00', '18:00:00'),
(546, 47, '2024-04-19', '17:00:00', '18:00:00'),
(547, 47, '2024-04-26', '17:00:00', '18:00:00'),
(548, 47, '2024-05-03', '17:00:00', '18:00:00'),
(549, 47, '2024-05-10', '17:00:00', '18:00:00'),
(550, 47, '2024-05-17', '17:00:00', '18:00:00'),
(551, 47, '2024-05-24', '17:00:00', '18:00:00'),
(552, 47, '2024-05-31', '17:00:00', '18:00:00'),
(553, 47, '2024-06-07', '17:00:00', '18:00:00'),
(554, 48, '2023-06-09', '16:30:00', '17:30:00'),
(555, 48, '2023-06-16', '16:30:00', '17:30:00'),
(556, 48, '2023-06-23', '16:30:00', '17:30:00'),
(557, 48, '2023-06-30', '16:30:00', '17:30:00'),
(558, 48, '2023-07-07', '16:30:00', '17:30:00'),
(559, 48, '2023-07-14', '16:30:00', '17:30:00'),
(560, 48, '2023-07-21', '16:30:00', '17:30:00'),
(561, 48, '2023-07-28', '16:30:00', '17:30:00'),
(562, 48, '2023-08-04', '16:30:00', '17:30:00'),
(563, 48, '2023-08-11', '16:30:00', '17:30:00'),
(564, 48, '2023-08-18', '16:30:00', '17:30:00'),
(565, 48, '2023-08-25', '16:30:00', '17:30:00'),
(566, 48, '2023-09-01', '16:30:00', '17:30:00'),
(567, 48, '2023-09-08', '16:30:00', '17:30:00'),
(568, 48, '2023-09-15', '16:30:00', '17:30:00'),
(569, 48, '2023-09-22', '16:30:00', '17:30:00'),
(570, 48, '2023-09-29', '16:30:00', '17:30:00'),
(571, 48, '2023-10-06', '16:30:00', '17:30:00'),
(572, 48, '2023-10-13', '16:30:00', '17:30:00'),
(573, 48, '2023-10-20', '16:30:00', '17:30:00'),
(574, 48, '2023-10-27', '16:30:00', '17:30:00'),
(575, 48, '2023-11-03', '16:30:00', '17:30:00'),
(576, 48, '2023-11-10', '16:30:00', '17:30:00'),
(577, 48, '2023-11-17', '16:30:00', '17:30:00'),
(578, 48, '2023-11-24', '16:30:00', '17:30:00'),
(579, 48, '2023-12-01', '16:30:00', '17:30:00'),
(580, 48, '2023-12-08', '16:30:00', '17:30:00'),
(581, 48, '2023-12-15', '16:30:00', '17:30:00'),
(582, 48, '2023-12-22', '16:30:00', '17:30:00'),
(583, 48, '2023-12-29', '16:30:00', '17:30:00'),
(584, 48, '2024-01-05', '16:30:00', '17:30:00'),
(585, 48, '2024-01-12', '16:30:00', '17:30:00'),
(586, 48, '2024-01-19', '16:30:00', '17:30:00'),
(587, 48, '2024-01-26', '16:30:00', '17:30:00'),
(588, 48, '2024-02-02', '16:30:00', '17:30:00'),
(589, 48, '2024-02-09', '16:30:00', '17:30:00'),
(590, 48, '2024-02-16', '16:30:00', '17:30:00'),
(591, 48, '2024-02-23', '16:30:00', '17:30:00'),
(592, 48, '2024-03-01', '16:30:00', '17:30:00'),
(593, 48, '2024-03-08', '16:30:00', '17:30:00'),
(594, 48, '2024-03-15', '16:30:00', '17:30:00'),
(595, 48, '2024-03-22', '16:30:00', '17:30:00'),
(596, 48, '2024-03-29', '16:30:00', '17:30:00'),
(597, 48, '2024-04-05', '16:30:00', '17:30:00'),
(598, 48, '2024-04-12', '16:30:00', '17:30:00'),
(599, 48, '2024-04-19', '16:30:00', '17:30:00'),
(600, 48, '2024-04-26', '16:30:00', '17:30:00'),
(601, 48, '2024-05-03', '16:30:00', '17:30:00'),
(602, 48, '2024-05-10', '16:30:00', '17:30:00'),
(603, 48, '2024-05-17', '16:30:00', '17:30:00'),
(604, 48, '2024-05-24', '16:30:00', '17:30:00'),
(605, 48, '2024-05-31', '16:30:00', '17:30:00'),
(606, 48, '2024-06-07', '16:30:00', '17:30:00'),
(607, 49, '2023-06-09', '17:30:00', '21:00:00'),
(608, 49, '2023-06-16', '17:30:00', '21:00:00'),
(609, 49, '2023-06-23', '17:30:00', '21:00:00'),
(610, 49, '2023-06-30', '17:30:00', '21:00:00'),
(611, 49, '2023-07-07', '17:30:00', '21:00:00'),
(612, 49, '2023-07-14', '17:30:00', '21:00:00'),
(613, 49, '2023-07-21', '17:30:00', '21:00:00'),
(614, 49, '2023-07-28', '17:30:00', '21:00:00'),
(615, 49, '2023-08-04', '17:30:00', '21:00:00'),
(616, 49, '2023-08-11', '17:30:00', '21:00:00'),
(617, 49, '2023-08-18', '17:30:00', '21:00:00'),
(618, 49, '2023-08-25', '17:30:00', '21:00:00'),
(619, 49, '2023-09-01', '17:30:00', '21:00:00'),
(620, 49, '2023-09-08', '17:30:00', '21:00:00'),
(621, 49, '2023-09-15', '17:30:00', '21:00:00'),
(622, 49, '2023-09-22', '17:30:00', '21:00:00'),
(623, 49, '2023-09-29', '17:30:00', '21:00:00'),
(624, 49, '2023-10-06', '17:30:00', '21:00:00'),
(625, 49, '2023-10-13', '17:30:00', '21:00:00'),
(626, 49, '2023-10-20', '17:30:00', '21:00:00'),
(627, 49, '2023-10-27', '17:30:00', '21:00:00'),
(628, 49, '2023-11-03', '17:30:00', '21:00:00'),
(629, 49, '2023-11-10', '17:30:00', '21:00:00'),
(630, 49, '2023-11-17', '17:30:00', '21:00:00'),
(631, 49, '2023-11-24', '17:30:00', '21:00:00'),
(632, 49, '2023-12-01', '17:30:00', '21:00:00'),
(633, 49, '2023-12-08', '17:30:00', '21:00:00'),
(634, 49, '2023-12-15', '17:30:00', '21:00:00'),
(635, 49, '2023-12-22', '17:30:00', '21:00:00'),
(636, 49, '2023-12-29', '17:30:00', '21:00:00'),
(637, 49, '2024-01-05', '17:30:00', '21:00:00'),
(638, 49, '2024-01-12', '17:30:00', '21:00:00'),
(639, 49, '2024-01-19', '17:30:00', '21:00:00'),
(640, 49, '2024-01-26', '17:30:00', '21:00:00'),
(641, 49, '2024-02-02', '17:30:00', '21:00:00'),
(642, 49, '2024-02-09', '17:30:00', '21:00:00'),
(643, 49, '2024-02-16', '17:30:00', '21:00:00'),
(644, 49, '2024-02-23', '17:30:00', '21:00:00'),
(645, 49, '2024-03-01', '17:30:00', '21:00:00'),
(646, 49, '2024-03-08', '17:30:00', '21:00:00'),
(647, 49, '2024-03-15', '17:30:00', '21:00:00'),
(648, 49, '2024-03-22', '17:30:00', '21:00:00'),
(649, 49, '2024-03-29', '17:30:00', '21:00:00'),
(650, 49, '2024-04-05', '17:30:00', '21:00:00'),
(651, 49, '2024-04-12', '17:30:00', '21:00:00'),
(652, 49, '2024-04-19', '17:30:00', '21:00:00'),
(653, 49, '2024-04-26', '17:30:00', '21:00:00'),
(654, 49, '2024-05-03', '17:30:00', '21:00:00'),
(655, 49, '2024-05-10', '17:30:00', '21:00:00'),
(656, 49, '2024-05-17', '17:30:00', '21:00:00'),
(657, 49, '2024-05-24', '17:30:00', '21:00:00'),
(658, 49, '2024-05-31', '17:30:00', '21:00:00'),
(659, 49, '2024-06-07', '17:30:00', '21:00:00'),
(660, 50, '2023-06-09', '18:00:00', '20:30:00'),
(661, 50, '2023-06-16', '18:00:00', '20:30:00'),
(662, 50, '2023-06-23', '18:00:00', '20:30:00'),
(663, 50, '2023-06-30', '18:00:00', '20:30:00'),
(664, 50, '2023-07-07', '18:00:00', '20:30:00'),
(665, 50, '2023-07-14', '18:00:00', '20:30:00'),
(666, 50, '2023-07-21', '18:00:00', '20:30:00'),
(667, 50, '2023-07-28', '18:00:00', '20:30:00'),
(668, 50, '2023-08-04', '18:00:00', '20:30:00'),
(669, 50, '2023-08-11', '18:00:00', '20:30:00'),
(670, 50, '2023-08-18', '18:00:00', '20:30:00'),
(671, 50, '2023-08-25', '18:00:00', '20:30:00'),
(672, 50, '2023-09-01', '18:00:00', '20:30:00'),
(673, 50, '2023-09-08', '18:00:00', '20:30:00'),
(674, 50, '2023-09-15', '18:00:00', '20:30:00'),
(675, 50, '2023-09-22', '18:00:00', '20:30:00'),
(676, 50, '2023-09-29', '18:00:00', '20:30:00'),
(677, 50, '2023-10-06', '18:00:00', '20:30:00'),
(678, 50, '2023-10-13', '18:00:00', '20:30:00'),
(679, 50, '2023-10-20', '18:00:00', '20:30:00'),
(680, 50, '2023-10-27', '18:00:00', '20:30:00'),
(681, 50, '2023-11-03', '18:00:00', '20:30:00'),
(682, 50, '2023-11-10', '18:00:00', '20:30:00'),
(683, 50, '2023-11-17', '18:00:00', '20:30:00'),
(684, 50, '2023-11-24', '18:00:00', '20:30:00'),
(685, 50, '2023-12-01', '18:00:00', '20:30:00'),
(686, 50, '2023-12-08', '18:00:00', '20:30:00'),
(687, 50, '2023-12-15', '18:00:00', '20:30:00'),
(688, 50, '2023-12-22', '18:00:00', '20:30:00'),
(689, 50, '2023-12-29', '18:00:00', '20:30:00'),
(690, 50, '2024-01-05', '18:00:00', '20:30:00'),
(691, 50, '2024-01-12', '18:00:00', '20:30:00'),
(692, 50, '2024-01-19', '18:00:00', '20:30:00'),
(693, 50, '2024-01-26', '18:00:00', '20:30:00'),
(694, 50, '2024-02-02', '18:00:00', '20:30:00'),
(695, 50, '2024-02-09', '18:00:00', '20:30:00'),
(696, 50, '2024-02-16', '18:00:00', '20:30:00'),
(697, 50, '2024-02-23', '18:00:00', '20:30:00'),
(698, 50, '2024-03-01', '18:00:00', '20:30:00'),
(699, 50, '2024-03-08', '18:00:00', '20:30:00'),
(700, 50, '2024-03-15', '18:00:00', '20:30:00'),
(701, 50, '2024-03-22', '18:00:00', '20:30:00'),
(702, 50, '2024-03-29', '18:00:00', '20:30:00'),
(703, 50, '2024-04-05', '18:00:00', '20:30:00'),
(704, 50, '2024-04-12', '18:00:00', '20:30:00'),
(705, 50, '2024-04-19', '18:00:00', '20:30:00'),
(706, 50, '2024-04-26', '18:00:00', '20:30:00'),
(707, 50, '2024-05-03', '18:00:00', '20:30:00'),
(708, 50, '2024-05-10', '18:00:00', '20:30:00'),
(709, 50, '2024-05-17', '18:00:00', '20:30:00'),
(710, 50, '2024-05-24', '18:00:00', '20:30:00'),
(711, 50, '2024-05-31', '18:00:00', '20:30:00'),
(712, 50, '2024-06-07', '18:00:00', '20:30:00'),
(713, 51, '2023-06-09', '19:00:00', '21:00:00'),
(714, 51, '2023-06-16', '19:00:00', '21:00:00'),
(715, 51, '2023-06-23', '19:00:00', '21:00:00'),
(716, 51, '2023-06-30', '19:00:00', '21:00:00'),
(717, 51, '2023-07-07', '19:00:00', '21:00:00'),
(718, 51, '2023-07-14', '19:00:00', '21:00:00'),
(719, 51, '2023-07-21', '19:00:00', '21:00:00'),
(720, 51, '2023-07-28', '19:00:00', '21:00:00'),
(721, 51, '2023-08-04', '19:00:00', '21:00:00'),
(722, 51, '2023-08-11', '19:00:00', '21:00:00'),
(723, 51, '2023-08-18', '19:00:00', '21:00:00'),
(724, 51, '2023-08-25', '19:00:00', '21:00:00'),
(725, 51, '2023-09-01', '19:00:00', '21:00:00'),
(726, 51, '2023-09-08', '19:00:00', '21:00:00'),
(727, 51, '2023-09-15', '19:00:00', '21:00:00'),
(728, 51, '2023-09-22', '19:00:00', '21:00:00'),
(729, 51, '2023-09-29', '19:00:00', '21:00:00'),
(730, 51, '2023-10-06', '19:00:00', '21:00:00'),
(731, 51, '2023-10-13', '19:00:00', '21:00:00'),
(732, 51, '2023-10-20', '19:00:00', '21:00:00'),
(733, 51, '2023-10-27', '19:00:00', '21:00:00'),
(734, 51, '2023-11-03', '19:00:00', '21:00:00'),
(735, 51, '2023-11-10', '19:00:00', '21:00:00'),
(736, 51, '2023-11-17', '19:00:00', '21:00:00'),
(737, 51, '2023-11-24', '19:00:00', '21:00:00'),
(738, 51, '2023-12-01', '19:00:00', '21:00:00'),
(739, 51, '2023-12-08', '19:00:00', '21:00:00'),
(740, 51, '2023-12-15', '19:00:00', '21:00:00'),
(741, 51, '2023-12-22', '19:00:00', '21:00:00'),
(742, 51, '2023-12-29', '19:00:00', '21:00:00'),
(743, 51, '2024-01-05', '19:00:00', '21:00:00'),
(744, 51, '2024-01-12', '19:00:00', '21:00:00'),
(745, 51, '2024-01-19', '19:00:00', '21:00:00'),
(746, 51, '2024-01-26', '19:00:00', '21:00:00'),
(747, 51, '2024-02-02', '19:00:00', '21:00:00'),
(748, 51, '2024-02-09', '19:00:00', '21:00:00'),
(749, 51, '2024-02-16', '19:00:00', '21:00:00'),
(750, 51, '2024-02-23', '19:00:00', '21:00:00'),
(751, 51, '2024-03-01', '19:00:00', '21:00:00'),
(752, 51, '2024-03-08', '19:00:00', '21:00:00'),
(753, 51, '2024-03-15', '19:00:00', '21:00:00'),
(754, 51, '2024-03-22', '19:00:00', '21:00:00'),
(755, 51, '2024-03-29', '19:00:00', '21:00:00'),
(756, 51, '2024-04-05', '19:00:00', '21:00:00'),
(757, 51, '2024-04-12', '19:00:00', '21:00:00'),
(758, 51, '2024-04-19', '19:00:00', '21:00:00'),
(759, 51, '2024-04-26', '19:00:00', '21:00:00'),
(760, 51, '2024-05-03', '19:00:00', '21:00:00'),
(761, 51, '2024-05-10', '19:00:00', '21:00:00'),
(762, 51, '2024-05-17', '19:00:00', '21:00:00'),
(763, 51, '2024-05-24', '19:00:00', '21:00:00'),
(764, 51, '2024-05-31', '19:00:00', '21:00:00'),
(765, 51, '2024-06-07', '19:00:00', '21:00:00'),
(766, 52, '2023-06-09', '16:00:00', '19:00:00'),
(767, 52, '2023-06-16', '16:00:00', '19:00:00'),
(768, 52, '2023-06-23', '16:00:00', '19:00:00'),
(769, 52, '2023-06-30', '16:00:00', '19:00:00'),
(770, 52, '2023-07-07', '16:00:00', '19:00:00'),
(771, 52, '2023-07-14', '16:00:00', '19:00:00'),
(772, 52, '2023-07-21', '16:00:00', '19:00:00'),
(773, 52, '2023-07-28', '16:00:00', '19:00:00'),
(774, 52, '2023-08-04', '16:00:00', '19:00:00'),
(775, 52, '2023-08-11', '16:00:00', '19:00:00'),
(776, 52, '2023-08-18', '16:00:00', '19:00:00'),
(777, 52, '2023-08-25', '16:00:00', '19:00:00'),
(778, 52, '2023-09-01', '16:00:00', '19:00:00'),
(779, 52, '2023-09-08', '16:00:00', '19:00:00'),
(780, 52, '2023-09-15', '16:00:00', '19:00:00'),
(781, 52, '2023-09-22', '16:00:00', '19:00:00'),
(782, 52, '2023-09-29', '16:00:00', '19:00:00'),
(783, 52, '2023-10-06', '16:00:00', '19:00:00'),
(784, 52, '2023-10-13', '16:00:00', '19:00:00'),
(785, 52, '2023-10-20', '16:00:00', '19:00:00'),
(786, 52, '2023-10-27', '16:00:00', '19:00:00'),
(787, 52, '2023-11-03', '16:00:00', '19:00:00'),
(788, 52, '2023-11-10', '16:00:00', '19:00:00'),
(789, 52, '2023-11-17', '16:00:00', '19:00:00'),
(790, 52, '2023-11-24', '16:00:00', '19:00:00'),
(791, 52, '2023-12-01', '16:00:00', '19:00:00'),
(792, 52, '2023-12-08', '16:00:00', '19:00:00'),
(793, 52, '2023-12-15', '16:00:00', '19:00:00'),
(794, 52, '2023-12-22', '16:00:00', '19:00:00'),
(795, 52, '2023-12-29', '16:00:00', '19:00:00'),
(796, 52, '2024-01-05', '16:00:00', '19:00:00'),
(797, 52, '2024-01-12', '16:00:00', '19:00:00'),
(798, 52, '2024-01-19', '16:00:00', '19:00:00'),
(799, 52, '2024-01-26', '16:00:00', '19:00:00'),
(800, 52, '2024-02-02', '16:00:00', '19:00:00'),
(801, 52, '2024-02-09', '16:00:00', '19:00:00'),
(802, 52, '2024-02-16', '16:00:00', '19:00:00'),
(803, 52, '2024-02-23', '16:00:00', '19:00:00'),
(804, 52, '2024-03-01', '16:00:00', '19:00:00'),
(805, 52, '2024-03-08', '16:00:00', '19:00:00'),
(806, 52, '2024-03-15', '16:00:00', '19:00:00'),
(807, 52, '2024-03-22', '16:00:00', '19:00:00'),
(808, 52, '2024-03-29', '16:00:00', '19:00:00'),
(809, 52, '2024-04-05', '16:00:00', '19:00:00'),
(810, 52, '2024-04-12', '16:00:00', '19:00:00'),
(811, 52, '2024-04-19', '16:00:00', '19:00:00'),
(812, 52, '2024-04-26', '16:00:00', '19:00:00'),
(813, 52, '2024-05-03', '16:00:00', '19:00:00'),
(814, 52, '2024-05-10', '16:00:00', '19:00:00'),
(815, 52, '2024-05-17', '16:00:00', '19:00:00'),
(816, 52, '2024-05-24', '16:00:00', '19:00:00'),
(817, 52, '2024-05-31', '16:00:00', '19:00:00'),
(818, 52, '2024-06-07', '16:00:00', '19:00:00'),
(819, 53, '2023-06-09', '16:00:00', '18:00:00'),
(820, 53, '2023-06-16', '16:00:00', '18:00:00'),
(821, 53, '2023-06-23', '16:00:00', '18:00:00'),
(822, 53, '2023-06-30', '16:00:00', '18:00:00'),
(823, 53, '2023-07-07', '16:00:00', '18:00:00'),
(824, 53, '2023-07-14', '16:00:00', '18:00:00'),
(825, 53, '2023-07-21', '16:00:00', '18:00:00'),
(826, 53, '2023-07-28', '16:00:00', '18:00:00'),
(827, 53, '2023-08-04', '16:00:00', '18:00:00'),
(828, 53, '2023-08-11', '16:00:00', '18:00:00'),
(829, 53, '2023-08-18', '16:00:00', '18:00:00'),
(830, 53, '2023-08-25', '16:00:00', '18:00:00'),
(831, 53, '2023-09-01', '16:00:00', '18:00:00'),
(832, 53, '2023-09-08', '16:00:00', '18:00:00'),
(833, 53, '2023-09-15', '16:00:00', '18:00:00'),
(834, 53, '2023-09-22', '16:00:00', '18:00:00'),
(835, 53, '2023-09-29', '16:00:00', '18:00:00'),
(836, 53, '2023-10-06', '16:00:00', '18:00:00'),
(837, 53, '2023-10-13', '16:00:00', '18:00:00'),
(838, 53, '2023-10-20', '16:00:00', '18:00:00'),
(839, 53, '2023-10-27', '16:00:00', '18:00:00'),
(840, 53, '2023-11-03', '16:00:00', '18:00:00'),
(841, 53, '2023-11-10', '16:00:00', '18:00:00'),
(842, 53, '2023-11-17', '16:00:00', '18:00:00'),
(843, 53, '2023-11-24', '16:00:00', '18:00:00'),
(844, 53, '2023-12-01', '16:00:00', '18:00:00'),
(845, 53, '2023-12-08', '16:00:00', '18:00:00'),
(846, 53, '2023-12-15', '16:00:00', '18:00:00'),
(847, 53, '2023-12-22', '16:00:00', '18:00:00'),
(848, 53, '2023-12-29', '16:00:00', '18:00:00'),
(849, 53, '2024-01-05', '16:00:00', '18:00:00'),
(850, 53, '2024-01-12', '16:00:00', '18:00:00'),
(851, 53, '2024-01-19', '16:00:00', '18:00:00'),
(852, 53, '2024-01-26', '16:00:00', '18:00:00'),
(853, 53, '2024-02-02', '16:00:00', '18:00:00'),
(854, 53, '2024-02-09', '16:00:00', '18:00:00'),
(855, 53, '2024-02-16', '16:00:00', '18:00:00'),
(856, 53, '2024-02-23', '16:00:00', '18:00:00'),
(857, 53, '2024-03-01', '16:00:00', '18:00:00'),
(858, 53, '2024-03-08', '16:00:00', '18:00:00'),
(859, 53, '2024-03-15', '16:00:00', '18:00:00'),
(860, 53, '2024-03-22', '16:00:00', '18:00:00'),
(861, 53, '2024-03-29', '16:00:00', '18:00:00'),
(862, 53, '2024-04-05', '16:00:00', '18:00:00'),
(863, 53, '2024-04-12', '16:00:00', '18:00:00'),
(864, 53, '2024-04-19', '16:00:00', '18:00:00'),
(865, 53, '2024-04-26', '16:00:00', '18:00:00'),
(866, 53, '2024-05-03', '16:00:00', '18:00:00'),
(867, 53, '2024-05-10', '16:00:00', '18:00:00'),
(868, 53, '2024-05-17', '16:00:00', '18:00:00'),
(869, 53, '2024-05-24', '16:00:00', '18:00:00'),
(870, 53, '2024-05-31', '16:00:00', '18:00:00'),
(871, 53, '2024-06-07', '16:00:00', '18:00:00'),
(872, 54, '2023-06-09', '16:00:00', '18:00:00'),
(873, 54, '2023-06-16', '16:00:00', '18:00:00'),
(874, 54, '2023-06-23', '16:00:00', '18:00:00'),
(875, 54, '2023-06-30', '16:00:00', '18:00:00'),
(876, 54, '2023-07-07', '16:00:00', '18:00:00'),
(877, 54, '2023-07-14', '16:00:00', '18:00:00'),
(878, 54, '2023-07-21', '16:00:00', '18:00:00'),
(879, 54, '2023-07-28', '16:00:00', '18:00:00'),
(880, 54, '2023-08-04', '16:00:00', '18:00:00'),
(881, 54, '2023-08-11', '16:00:00', '18:00:00'),
(882, 54, '2023-08-18', '16:00:00', '18:00:00'),
(883, 54, '2023-08-25', '16:00:00', '18:00:00'),
(884, 54, '2023-09-01', '16:00:00', '18:00:00'),
(885, 54, '2023-09-08', '16:00:00', '18:00:00'),
(886, 54, '2023-09-15', '16:00:00', '18:00:00'),
(887, 54, '2023-09-22', '16:00:00', '18:00:00'),
(888, 54, '2023-09-29', '16:00:00', '18:00:00'),
(889, 54, '2023-10-06', '16:00:00', '18:00:00'),
(890, 54, '2023-10-13', '16:00:00', '18:00:00'),
(891, 54, '2023-10-20', '16:00:00', '18:00:00'),
(892, 54, '2023-10-27', '16:00:00', '18:00:00'),
(893, 54, '2023-11-03', '16:00:00', '18:00:00'),
(894, 54, '2023-11-10', '16:00:00', '18:00:00'),
(895, 54, '2023-11-17', '16:00:00', '18:00:00'),
(896, 54, '2023-11-24', '16:00:00', '18:00:00'),
(897, 54, '2023-12-01', '16:00:00', '18:00:00'),
(898, 54, '2023-12-08', '16:00:00', '18:00:00'),
(899, 54, '2023-12-15', '16:00:00', '18:00:00'),
(900, 54, '2023-12-22', '16:00:00', '18:00:00'),
(901, 54, '2023-12-29', '16:00:00', '18:00:00'),
(902, 54, '2024-01-05', '16:00:00', '18:00:00'),
(903, 54, '2024-01-12', '16:00:00', '18:00:00'),
(904, 54, '2024-01-19', '16:00:00', '18:00:00'),
(905, 54, '2024-01-26', '16:00:00', '18:00:00'),
(906, 54, '2024-02-02', '16:00:00', '18:00:00'),
(907, 54, '2024-02-09', '16:00:00', '18:00:00'),
(908, 54, '2024-02-16', '16:00:00', '18:00:00'),
(909, 54, '2024-02-23', '16:00:00', '18:00:00'),
(910, 54, '2024-03-01', '16:00:00', '18:00:00'),
(911, 54, '2024-03-08', '16:00:00', '18:00:00'),
(912, 54, '2024-03-15', '16:00:00', '18:00:00'),
(913, 54, '2024-03-22', '16:00:00', '18:00:00'),
(914, 54, '2024-03-29', '16:00:00', '18:00:00'),
(915, 54, '2024-04-05', '16:00:00', '18:00:00'),
(916, 54, '2024-04-12', '16:00:00', '18:00:00'),
(917, 54, '2024-04-19', '16:00:00', '18:00:00'),
(918, 54, '2024-04-26', '16:00:00', '18:00:00'),
(919, 54, '2024-05-03', '16:00:00', '18:00:00'),
(920, 54, '2024-05-10', '16:00:00', '18:00:00'),
(921, 54, '2024-05-17', '16:00:00', '18:00:00'),
(922, 54, '2024-05-24', '16:00:00', '18:00:00'),
(923, 54, '2024-05-31', '16:00:00', '18:00:00'),
(924, 54, '2024-06-07', '16:00:00', '18:00:00'),
(925, 55, '2023-06-09', '16:00:00', '18:00:00'),
(926, 55, '2023-06-16', '16:00:00', '18:00:00'),
(927, 55, '2023-06-23', '16:00:00', '18:00:00'),
(928, 55, '2023-06-30', '16:00:00', '18:00:00'),
(929, 55, '2023-07-07', '16:00:00', '18:00:00'),
(930, 55, '2023-07-14', '16:00:00', '18:00:00'),
(931, 55, '2023-07-21', '16:00:00', '18:00:00'),
(932, 55, '2023-07-28', '16:00:00', '18:00:00'),
(933, 55, '2023-08-04', '16:00:00', '18:00:00'),
(934, 55, '2023-08-11', '16:00:00', '18:00:00'),
(935, 55, '2023-08-18', '16:00:00', '18:00:00'),
(936, 55, '2023-08-25', '16:00:00', '18:00:00'),
(937, 55, '2023-09-01', '16:00:00', '18:00:00'),
(938, 55, '2023-09-08', '16:00:00', '18:00:00'),
(939, 55, '2023-09-15', '16:00:00', '18:00:00'),
(940, 55, '2023-09-22', '16:00:00', '18:00:00'),
(941, 55, '2023-09-29', '16:00:00', '18:00:00'),
(942, 55, '2023-10-06', '16:00:00', '18:00:00'),
(943, 55, '2023-10-13', '16:00:00', '18:00:00'),
(944, 55, '2023-10-20', '16:00:00', '18:00:00'),
(945, 55, '2023-10-27', '16:00:00', '18:00:00'),
(946, 55, '2023-11-03', '16:00:00', '18:00:00'),
(947, 55, '2023-11-10', '16:00:00', '18:00:00'),
(948, 55, '2023-11-17', '16:00:00', '18:00:00'),
(949, 55, '2023-11-24', '16:00:00', '18:00:00'),
(950, 55, '2023-12-01', '16:00:00', '18:00:00'),
(951, 55, '2023-12-08', '16:00:00', '18:00:00'),
(952, 55, '2023-12-15', '16:00:00', '18:00:00'),
(953, 55, '2023-12-22', '16:00:00', '18:00:00'),
(954, 55, '2023-12-29', '16:00:00', '18:00:00'),
(955, 55, '2024-01-05', '16:00:00', '18:00:00'),
(956, 55, '2024-01-12', '16:00:00', '18:00:00'),
(957, 55, '2024-01-19', '16:00:00', '18:00:00'),
(958, 55, '2024-01-26', '16:00:00', '18:00:00'),
(959, 55, '2024-02-02', '16:00:00', '18:00:00'),
(960, 55, '2024-02-09', '16:00:00', '18:00:00'),
(961, 55, '2024-02-16', '16:00:00', '18:00:00'),
(962, 55, '2024-02-23', '16:00:00', '18:00:00'),
(963, 55, '2024-03-01', '16:00:00', '18:00:00'),
(964, 55, '2024-03-08', '16:00:00', '18:00:00'),
(965, 55, '2024-03-15', '16:00:00', '18:00:00'),
(966, 55, '2024-03-22', '16:00:00', '18:00:00'),
(967, 55, '2024-03-29', '16:00:00', '18:00:00'),
(968, 55, '2024-04-05', '16:00:00', '18:00:00'),
(969, 55, '2024-04-12', '16:00:00', '18:00:00'),
(970, 55, '2024-04-19', '16:00:00', '18:00:00'),
(971, 55, '2024-04-26', '16:00:00', '18:00:00'),
(972, 55, '2024-05-03', '16:00:00', '18:00:00'),
(973, 55, '2024-05-10', '16:00:00', '18:00:00'),
(974, 55, '2024-05-17', '16:00:00', '18:00:00'),
(975, 55, '2024-05-24', '16:00:00', '18:00:00'),
(976, 55, '2024-05-31', '16:00:00', '18:00:00'),
(977, 55, '2024-06-07', '16:00:00', '18:00:00'),
(978, 56, '2023-06-09', '16:00:00', '18:00:00'),
(979, 56, '2023-06-16', '16:00:00', '18:00:00'),
(980, 56, '2023-06-23', '16:00:00', '18:00:00'),
(981, 56, '2023-06-30', '16:00:00', '18:00:00'),
(982, 56, '2023-07-07', '16:00:00', '18:00:00'),
(983, 56, '2023-07-14', '16:00:00', '18:00:00'),
(984, 56, '2023-07-21', '16:00:00', '18:00:00'),
(985, 56, '2023-07-28', '16:00:00', '18:00:00'),
(986, 56, '2023-08-04', '16:00:00', '18:00:00'),
(987, 56, '2023-08-11', '16:00:00', '18:00:00'),
(988, 56, '2023-08-18', '16:00:00', '18:00:00'),
(989, 56, '2023-08-25', '16:00:00', '18:00:00'),
(990, 56, '2023-09-01', '16:00:00', '18:00:00'),
(991, 56, '2023-09-08', '16:00:00', '18:00:00'),
(992, 56, '2023-09-15', '16:00:00', '18:00:00'),
(993, 56, '2023-09-22', '16:00:00', '18:00:00'),
(994, 56, '2023-09-29', '16:00:00', '18:00:00'),
(995, 56, '2023-10-06', '16:00:00', '18:00:00'),
(996, 56, '2023-10-13', '16:00:00', '18:00:00'),
(997, 56, '2023-10-20', '16:00:00', '18:00:00'),
(998, 56, '2023-10-27', '16:00:00', '18:00:00'),
(999, 56, '2023-11-03', '16:00:00', '18:00:00'),
(1000, 56, '2023-11-10', '16:00:00', '18:00:00'),
(1001, 56, '2023-11-17', '16:00:00', '18:00:00'),
(1002, 56, '2023-11-24', '16:00:00', '18:00:00'),
(1003, 56, '2023-12-01', '16:00:00', '18:00:00'),
(1004, 56, '2023-12-08', '16:00:00', '18:00:00'),
(1005, 56, '2023-12-15', '16:00:00', '18:00:00'),
(1006, 56, '2023-12-22', '16:00:00', '18:00:00'),
(1007, 56, '2023-12-29', '16:00:00', '18:00:00'),
(1008, 56, '2024-01-05', '16:00:00', '18:00:00'),
(1009, 56, '2024-01-12', '16:00:00', '18:00:00'),
(1010, 56, '2024-01-19', '16:00:00', '18:00:00'),
(1011, 56, '2024-01-26', '16:00:00', '18:00:00'),
(1012, 56, '2024-02-02', '16:00:00', '18:00:00'),
(1013, 56, '2024-02-09', '16:00:00', '18:00:00'),
(1014, 56, '2024-02-16', '16:00:00', '18:00:00'),
(1015, 56, '2024-02-23', '16:00:00', '18:00:00'),
(1016, 56, '2024-03-01', '16:00:00', '18:00:00'),
(1017, 56, '2024-03-08', '16:00:00', '18:00:00'),
(1018, 56, '2024-03-15', '16:00:00', '18:00:00'),
(1019, 56, '2024-03-22', '16:00:00', '18:00:00'),
(1020, 56, '2024-03-29', '16:00:00', '18:00:00'),
(1021, 56, '2024-04-05', '16:00:00', '18:00:00'),
(1022, 56, '2024-04-12', '16:00:00', '18:00:00'),
(1023, 56, '2024-04-19', '16:00:00', '18:00:00'),
(1024, 56, '2024-04-26', '16:00:00', '18:00:00'),
(1025, 56, '2024-05-03', '16:00:00', '18:00:00'),
(1026, 56, '2024-05-10', '16:00:00', '18:00:00'),
(1027, 56, '2024-05-17', '16:00:00', '18:00:00'),
(1028, 56, '2024-05-24', '16:00:00', '18:00:00'),
(1029, 56, '2024-05-31', '16:00:00', '18:00:00'),
(1030, 56, '2024-06-07', '16:00:00', '18:00:00'),
(1031, 57, '2023-06-09', '19:00:00', '20:30:00'),
(1032, 57, '2023-06-16', '19:00:00', '20:30:00'),
(1033, 57, '2023-06-23', '19:00:00', '20:30:00'),
(1034, 57, '2023-06-30', '19:00:00', '20:30:00'),
(1035, 57, '2023-07-07', '19:00:00', '20:30:00'),
(1036, 57, '2023-07-14', '19:00:00', '20:30:00'),
(1037, 57, '2023-07-21', '19:00:00', '20:30:00'),
(1038, 57, '2023-07-28', '19:00:00', '20:30:00'),
(1039, 57, '2023-08-04', '19:00:00', '20:30:00'),
(1040, 57, '2023-08-11', '19:00:00', '20:30:00'),
(1041, 57, '2023-08-18', '19:00:00', '20:30:00'),
(1042, 57, '2023-08-25', '19:00:00', '20:30:00'),
(1043, 57, '2023-09-01', '19:00:00', '20:30:00'),
(1044, 57, '2023-09-08', '19:00:00', '20:30:00'),
(1045, 57, '2023-09-15', '19:00:00', '20:30:00'),
(1046, 57, '2023-09-22', '19:00:00', '20:30:00'),
(1047, 57, '2023-09-29', '19:00:00', '20:30:00'),
(1048, 57, '2023-10-06', '19:00:00', '20:30:00'),
(1049, 57, '2023-10-13', '19:00:00', '20:30:00'),
(1050, 57, '2023-10-20', '19:00:00', '20:30:00'),
(1051, 57, '2023-10-27', '19:00:00', '20:30:00'),
(1052, 57, '2023-11-03', '19:00:00', '20:30:00'),
(1053, 57, '2023-11-10', '19:00:00', '20:30:00'),
(1054, 57, '2023-11-17', '19:00:00', '20:30:00'),
(1055, 57, '2023-11-24', '19:00:00', '20:30:00'),
(1056, 57, '2023-12-01', '19:00:00', '20:30:00'),
(1057, 57, '2023-12-08', '19:00:00', '20:30:00'),
(1058, 57, '2023-12-15', '19:00:00', '20:30:00'),
(1059, 57, '2023-12-22', '19:00:00', '20:30:00'),
(1060, 57, '2023-12-29', '19:00:00', '20:30:00'),
(1061, 57, '2024-01-05', '19:00:00', '20:30:00'),
(1062, 57, '2024-01-12', '19:00:00', '20:30:00'),
(1063, 57, '2024-01-19', '19:00:00', '20:30:00'),
(1064, 57, '2024-01-26', '19:00:00', '20:30:00'),
(1065, 57, '2024-02-02', '19:00:00', '20:30:00'),
(1066, 57, '2024-02-09', '19:00:00', '20:30:00'),
(1067, 57, '2024-02-16', '19:00:00', '20:30:00'),
(1068, 57, '2024-02-23', '19:00:00', '20:30:00'),
(1069, 57, '2024-03-01', '19:00:00', '20:30:00'),
(1070, 57, '2024-03-08', '19:00:00', '20:30:00'),
(1071, 57, '2024-03-15', '19:00:00', '20:30:00'),
(1072, 57, '2024-03-22', '19:00:00', '20:30:00'),
(1073, 57, '2024-03-29', '19:00:00', '20:30:00'),
(1074, 57, '2024-04-05', '19:00:00', '20:30:00'),
(1075, 57, '2024-04-12', '19:00:00', '20:30:00'),
(1076, 57, '2024-04-19', '19:00:00', '20:30:00'),
(1077, 57, '2024-04-26', '19:00:00', '20:30:00'),
(1078, 57, '2024-05-03', '19:00:00', '20:30:00'),
(1079, 57, '2024-05-10', '19:00:00', '20:30:00'),
(1080, 57, '2024-05-17', '19:00:00', '20:30:00'),
(1081, 57, '2024-05-24', '19:00:00', '20:30:00'),
(1082, 57, '2024-05-31', '19:00:00', '20:30:00'),
(1083, 57, '2024-06-07', '19:00:00', '20:30:00'),
(1084, 58, '2023-06-09', '19:00:00', '20:30:00'),
(1085, 58, '2023-06-16', '19:00:00', '20:30:00'),
(1086, 58, '2023-06-23', '19:00:00', '20:30:00'),
(1087, 58, '2023-06-30', '19:00:00', '20:30:00'),
(1088, 58, '2023-07-07', '19:00:00', '20:30:00'),
(1089, 58, '2023-07-14', '19:00:00', '20:30:00'),
(1090, 58, '2023-07-21', '19:00:00', '20:30:00'),
(1091, 58, '2023-07-28', '19:00:00', '20:30:00'),
(1092, 58, '2023-08-04', '19:00:00', '20:30:00'),
(1093, 58, '2023-08-11', '19:00:00', '20:30:00'),
(1094, 58, '2023-08-18', '19:00:00', '20:30:00'),
(1095, 58, '2023-08-25', '19:00:00', '20:30:00'),
(1096, 58, '2023-09-01', '19:00:00', '20:30:00'),
(1097, 58, '2023-09-08', '19:00:00', '20:30:00'),
(1098, 58, '2023-09-15', '19:00:00', '20:30:00'),
(1099, 58, '2023-09-22', '19:00:00', '20:30:00'),
(1100, 58, '2023-09-29', '19:00:00', '20:30:00'),
(1101, 58, '2023-10-06', '19:00:00', '20:30:00'),
(1102, 58, '2023-10-13', '19:00:00', '20:30:00'),
(1103, 58, '2023-10-20', '19:00:00', '20:30:00'),
(1104, 58, '2023-10-27', '19:00:00', '20:30:00'),
(1105, 58, '2023-11-03', '19:00:00', '20:30:00'),
(1106, 58, '2023-11-10', '19:00:00', '20:30:00'),
(1107, 58, '2023-11-17', '19:00:00', '20:30:00'),
(1108, 58, '2023-11-24', '19:00:00', '20:30:00'),
(1109, 58, '2023-12-01', '19:00:00', '20:30:00'),
(1110, 58, '2023-12-08', '19:00:00', '20:30:00'),
(1111, 58, '2023-12-15', '19:00:00', '20:30:00'),
(1112, 58, '2023-12-22', '19:00:00', '20:30:00'),
(1113, 58, '2023-12-29', '19:00:00', '20:30:00'),
(1114, 58, '2024-01-05', '19:00:00', '20:30:00'),
(1115, 58, '2024-01-12', '19:00:00', '20:30:00'),
(1116, 58, '2024-01-19', '19:00:00', '20:30:00'),
(1117, 58, '2024-01-26', '19:00:00', '20:30:00'),
(1118, 58, '2024-02-02', '19:00:00', '20:30:00'),
(1119, 58, '2024-02-09', '19:00:00', '20:30:00'),
(1120, 58, '2024-02-16', '19:00:00', '20:30:00'),
(1121, 58, '2024-02-23', '19:00:00', '20:30:00'),
(1122, 58, '2024-03-01', '19:00:00', '20:30:00'),
(1123, 58, '2024-03-08', '19:00:00', '20:30:00'),
(1124, 58, '2024-03-15', '19:00:00', '20:30:00'),
(1125, 58, '2024-03-22', '19:00:00', '20:30:00'),
(1126, 58, '2024-03-29', '19:00:00', '20:30:00'),
(1127, 58, '2024-04-05', '19:00:00', '20:30:00');
INSERT INTO `bs_reservations` (`rid`, `bid`, `date`, `time_start`, `time_end`) VALUES
(1128, 58, '2024-04-12', '19:00:00', '20:30:00'),
(1129, 58, '2024-04-19', '19:00:00', '20:30:00'),
(1130, 58, '2024-04-26', '19:00:00', '20:30:00'),
(1131, 58, '2024-05-03', '19:00:00', '20:30:00'),
(1132, 58, '2024-05-10', '19:00:00', '20:30:00'),
(1133, 58, '2024-05-17', '19:00:00', '20:30:00'),
(1134, 58, '2024-05-24', '19:00:00', '20:30:00'),
(1135, 58, '2024-05-31', '19:00:00', '20:30:00'),
(1136, 58, '2024-06-07', '19:00:00', '20:30:00'),
(1137, 59, '2023-06-09', '18:00:00', '19:00:00'),
(1138, 59, '2023-06-16', '18:00:00', '19:00:00'),
(1139, 59, '2023-06-23', '18:00:00', '19:00:00'),
(1140, 59, '2023-06-30', '18:00:00', '19:00:00'),
(1141, 59, '2023-07-07', '18:00:00', '19:00:00'),
(1142, 59, '2023-07-14', '18:00:00', '19:00:00'),
(1143, 59, '2023-07-21', '18:00:00', '19:00:00'),
(1144, 59, '2023-07-28', '18:00:00', '19:00:00'),
(1145, 59, '2023-08-04', '18:00:00', '19:00:00'),
(1146, 59, '2023-08-11', '18:00:00', '19:00:00'),
(1147, 59, '2023-08-18', '18:00:00', '19:00:00'),
(1148, 59, '2023-08-25', '18:00:00', '19:00:00'),
(1149, 59, '2023-09-01', '18:00:00', '19:00:00'),
(1150, 59, '2023-09-08', '18:00:00', '19:00:00'),
(1151, 59, '2023-09-15', '18:00:00', '19:00:00'),
(1152, 59, '2023-09-22', '18:00:00', '19:00:00'),
(1153, 59, '2023-09-29', '18:00:00', '19:00:00'),
(1154, 59, '2023-10-06', '18:00:00', '19:00:00'),
(1155, 59, '2023-10-13', '18:00:00', '19:00:00'),
(1156, 59, '2023-10-20', '18:00:00', '19:00:00'),
(1157, 59, '2023-10-27', '18:00:00', '19:00:00'),
(1158, 59, '2023-11-03', '18:00:00', '19:00:00'),
(1159, 59, '2023-11-10', '18:00:00', '19:00:00'),
(1160, 59, '2023-11-17', '18:00:00', '19:00:00'),
(1161, 59, '2023-11-24', '18:00:00', '19:00:00'),
(1162, 59, '2023-12-01', '18:00:00', '19:00:00'),
(1163, 59, '2023-12-08', '18:00:00', '19:00:00'),
(1164, 59, '2023-12-15', '18:00:00', '19:00:00'),
(1165, 59, '2023-12-22', '18:00:00', '19:00:00'),
(1166, 59, '2023-12-29', '18:00:00', '19:00:00'),
(1167, 59, '2024-01-05', '18:00:00', '19:00:00'),
(1168, 59, '2024-01-12', '18:00:00', '19:00:00'),
(1169, 59, '2024-01-19', '18:00:00', '19:00:00'),
(1170, 59, '2024-01-26', '18:00:00', '19:00:00'),
(1171, 59, '2024-02-02', '18:00:00', '19:00:00'),
(1172, 59, '2024-02-09', '18:00:00', '19:00:00'),
(1173, 59, '2024-02-16', '18:00:00', '19:00:00'),
(1174, 59, '2024-02-23', '18:00:00', '19:00:00'),
(1175, 59, '2024-03-01', '18:00:00', '19:00:00'),
(1176, 59, '2024-03-08', '18:00:00', '19:00:00'),
(1177, 59, '2024-03-15', '18:00:00', '19:00:00'),
(1178, 59, '2024-03-22', '18:00:00', '19:00:00'),
(1179, 59, '2024-03-29', '18:00:00', '19:00:00'),
(1180, 59, '2024-04-05', '18:00:00', '19:00:00'),
(1181, 59, '2024-04-12', '18:00:00', '19:00:00'),
(1182, 59, '2024-04-19', '18:00:00', '19:00:00'),
(1183, 59, '2024-04-26', '18:00:00', '19:00:00'),
(1184, 59, '2024-05-03', '18:00:00', '19:00:00'),
(1185, 59, '2024-05-10', '18:00:00', '19:00:00'),
(1186, 59, '2024-05-17', '18:00:00', '19:00:00'),
(1187, 59, '2024-05-24', '18:00:00', '19:00:00'),
(1188, 59, '2024-05-31', '18:00:00', '19:00:00'),
(1189, 59, '2024-06-07', '18:00:00', '19:00:00'),
(1190, 60, '2023-06-09', '20:30:00', '23:00:00'),
(1191, 60, '2023-06-16', '20:30:00', '23:00:00'),
(1192, 60, '2023-06-23', '20:30:00', '23:00:00'),
(1193, 60, '2023-06-30', '20:30:00', '23:00:00'),
(1194, 60, '2023-07-07', '20:30:00', '23:00:00'),
(1195, 60, '2023-07-14', '20:30:00', '23:00:00'),
(1196, 60, '2023-07-21', '20:30:00', '23:00:00'),
(1197, 60, '2023-07-28', '20:30:00', '23:00:00'),
(1198, 60, '2023-08-04', '20:30:00', '23:00:00'),
(1199, 60, '2023-08-11', '20:30:00', '23:00:00'),
(1200, 60, '2023-08-18', '20:30:00', '23:00:00'),
(1201, 60, '2023-08-25', '20:30:00', '23:00:00'),
(1202, 60, '2023-09-01', '20:30:00', '23:00:00'),
(1203, 60, '2023-09-08', '20:30:00', '23:00:00'),
(1204, 60, '2023-09-15', '20:30:00', '23:00:00'),
(1205, 60, '2023-09-22', '20:30:00', '23:00:00'),
(1206, 60, '2023-09-29', '20:30:00', '23:00:00'),
(1207, 60, '2023-10-06', '20:30:00', '23:00:00'),
(1208, 60, '2023-10-13', '20:30:00', '23:00:00'),
(1209, 60, '2023-10-20', '20:30:00', '23:00:00'),
(1210, 60, '2023-10-27', '20:30:00', '23:00:00'),
(1211, 60, '2023-11-03', '20:30:00', '23:00:00'),
(1212, 60, '2023-11-10', '20:30:00', '23:00:00'),
(1213, 60, '2023-11-17', '20:30:00', '23:00:00'),
(1214, 60, '2023-11-24', '20:30:00', '23:00:00'),
(1215, 60, '2023-12-01', '20:30:00', '23:00:00'),
(1216, 60, '2023-12-08', '20:30:00', '23:00:00'),
(1217, 60, '2023-12-15', '20:30:00', '23:00:00'),
(1218, 60, '2023-12-22', '20:30:00', '23:00:00'),
(1219, 60, '2023-12-29', '20:30:00', '23:00:00'),
(1220, 60, '2024-01-05', '20:30:00', '23:00:00'),
(1221, 60, '2024-01-12', '20:30:00', '23:00:00'),
(1222, 60, '2024-01-19', '20:30:00', '23:00:00'),
(1223, 60, '2024-01-26', '20:30:00', '23:00:00'),
(1224, 60, '2024-02-02', '20:30:00', '23:00:00'),
(1225, 60, '2024-02-09', '20:30:00', '23:00:00'),
(1226, 60, '2024-02-16', '20:30:00', '23:00:00'),
(1227, 60, '2024-02-23', '20:30:00', '23:00:00'),
(1228, 60, '2024-03-01', '20:30:00', '23:00:00'),
(1229, 60, '2024-03-08', '20:30:00', '23:00:00'),
(1230, 60, '2024-03-15', '20:30:00', '23:00:00'),
(1231, 60, '2024-03-22', '20:30:00', '23:00:00'),
(1232, 60, '2024-03-29', '20:30:00', '23:00:00'),
(1233, 60, '2024-04-05', '20:30:00', '23:00:00'),
(1234, 60, '2024-04-12', '20:30:00', '23:00:00'),
(1235, 60, '2024-04-19', '20:30:00', '23:00:00'),
(1236, 60, '2024-04-26', '20:30:00', '23:00:00'),
(1237, 60, '2024-05-03', '20:30:00', '23:00:00'),
(1238, 60, '2024-05-10', '20:30:00', '23:00:00'),
(1239, 60, '2024-05-17', '20:30:00', '23:00:00'),
(1240, 60, '2024-05-24', '20:30:00', '23:00:00'),
(1241, 60, '2024-05-31', '20:30:00', '23:00:00'),
(1242, 60, '2024-06-07', '20:30:00', '23:00:00'),
(1243, 61, '2023-06-09', '20:30:00', '23:00:00'),
(1244, 61, '2023-06-16', '20:30:00', '23:00:00'),
(1245, 61, '2023-06-23', '20:30:00', '23:00:00'),
(1246, 61, '2023-06-30', '20:30:00', '23:00:00'),
(1247, 61, '2023-07-07', '20:30:00', '23:00:00'),
(1248, 61, '2023-07-14', '20:30:00', '23:00:00'),
(1249, 61, '2023-07-21', '20:30:00', '23:00:00'),
(1250, 61, '2023-07-28', '20:30:00', '23:00:00'),
(1251, 61, '2023-08-04', '20:30:00', '23:00:00'),
(1252, 61, '2023-08-11', '20:30:00', '23:00:00'),
(1253, 61, '2023-08-18', '20:30:00', '23:00:00'),
(1254, 61, '2023-08-25', '20:30:00', '23:00:00'),
(1255, 61, '2023-09-01', '20:30:00', '23:00:00'),
(1256, 61, '2023-09-08', '20:30:00', '23:00:00'),
(1257, 61, '2023-09-15', '20:30:00', '23:00:00'),
(1258, 61, '2023-09-22', '20:30:00', '23:00:00'),
(1259, 61, '2023-09-29', '20:30:00', '23:00:00'),
(1260, 61, '2023-10-06', '20:30:00', '23:00:00'),
(1261, 61, '2023-10-13', '20:30:00', '23:00:00'),
(1262, 61, '2023-10-20', '20:30:00', '23:00:00'),
(1263, 61, '2023-10-27', '20:30:00', '23:00:00'),
(1264, 61, '2023-11-03', '20:30:00', '23:00:00'),
(1265, 61, '2023-11-10', '20:30:00', '23:00:00'),
(1266, 61, '2023-11-17', '20:30:00', '23:00:00'),
(1267, 61, '2023-11-24', '20:30:00', '23:00:00'),
(1268, 61, '2023-12-01', '20:30:00', '23:00:00'),
(1269, 61, '2023-12-08', '20:30:00', '23:00:00'),
(1270, 61, '2023-12-15', '20:30:00', '23:00:00'),
(1271, 61, '2023-12-22', '20:30:00', '23:00:00'),
(1272, 61, '2023-12-29', '20:30:00', '23:00:00'),
(1273, 61, '2024-01-05', '20:30:00', '23:00:00'),
(1274, 61, '2024-01-12', '20:30:00', '23:00:00'),
(1275, 61, '2024-01-19', '20:30:00', '23:00:00'),
(1276, 61, '2024-01-26', '20:30:00', '23:00:00'),
(1277, 61, '2024-02-02', '20:30:00', '23:00:00'),
(1278, 61, '2024-02-09', '20:30:00', '23:00:00'),
(1279, 61, '2024-02-16', '20:30:00', '23:00:00'),
(1280, 61, '2024-02-23', '20:30:00', '23:00:00'),
(1281, 61, '2024-03-01', '20:30:00', '23:00:00'),
(1282, 61, '2024-03-08', '20:30:00', '23:00:00'),
(1283, 61, '2024-03-15', '20:30:00', '23:00:00'),
(1284, 61, '2024-03-22', '20:30:00', '23:00:00'),
(1285, 61, '2024-03-29', '20:30:00', '23:00:00'),
(1286, 61, '2024-04-05', '20:30:00', '23:00:00'),
(1287, 61, '2024-04-12', '20:30:00', '23:00:00'),
(1288, 61, '2024-04-19', '20:30:00', '23:00:00'),
(1289, 61, '2024-04-26', '20:30:00', '23:00:00'),
(1290, 61, '2024-05-03', '20:30:00', '23:00:00'),
(1291, 61, '2024-05-10', '20:30:00', '23:00:00'),
(1292, 61, '2024-05-17', '20:30:00', '23:00:00'),
(1293, 61, '2024-05-24', '20:30:00', '23:00:00'),
(1294, 61, '2024-05-31', '20:30:00', '23:00:00'),
(1295, 61, '2024-06-07', '20:30:00', '23:00:00'),
(1296, 62, '2023-06-09', '20:30:00', '23:00:00'),
(1297, 62, '2023-06-16', '20:30:00', '23:00:00'),
(1298, 62, '2023-06-23', '20:30:00', '23:00:00'),
(1299, 62, '2023-06-30', '20:30:00', '23:00:00'),
(1300, 62, '2023-07-07', '20:30:00', '23:00:00'),
(1301, 62, '2023-07-14', '20:30:00', '23:00:00'),
(1302, 62, '2023-07-21', '20:30:00', '23:00:00'),
(1303, 62, '2023-07-28', '20:30:00', '23:00:00'),
(1304, 62, '2023-08-04', '20:30:00', '23:00:00'),
(1305, 62, '2023-08-11', '20:30:00', '23:00:00'),
(1306, 62, '2023-08-18', '20:30:00', '23:00:00'),
(1307, 62, '2023-08-25', '20:30:00', '23:00:00'),
(1308, 62, '2023-09-01', '20:30:00', '23:00:00'),
(1309, 62, '2023-09-08', '20:30:00', '23:00:00'),
(1310, 62, '2023-09-15', '20:30:00', '23:00:00'),
(1311, 62, '2023-09-22', '20:30:00', '23:00:00'),
(1312, 62, '2023-09-29', '20:30:00', '23:00:00'),
(1313, 62, '2023-10-06', '20:30:00', '23:00:00'),
(1314, 62, '2023-10-13', '20:30:00', '23:00:00'),
(1315, 62, '2023-10-20', '20:30:00', '23:00:00'),
(1316, 62, '2023-10-27', '20:30:00', '23:00:00'),
(1317, 62, '2023-11-03', '20:30:00', '23:00:00'),
(1318, 62, '2023-11-10', '20:30:00', '23:00:00'),
(1319, 62, '2023-11-17', '20:30:00', '23:00:00'),
(1320, 62, '2023-11-24', '20:30:00', '23:00:00'),
(1321, 62, '2023-12-01', '20:30:00', '23:00:00'),
(1322, 62, '2023-12-08', '20:30:00', '23:00:00'),
(1323, 62, '2023-12-15', '20:30:00', '23:00:00'),
(1324, 62, '2023-12-22', '20:30:00', '23:00:00'),
(1325, 62, '2023-12-29', '20:30:00', '23:00:00'),
(1326, 62, '2024-01-05', '20:30:00', '23:00:00'),
(1327, 62, '2024-01-12', '20:30:00', '23:00:00'),
(1328, 62, '2024-01-19', '20:30:00', '23:00:00'),
(1329, 62, '2024-01-26', '20:30:00', '23:00:00'),
(1330, 62, '2024-02-02', '20:30:00', '23:00:00'),
(1331, 62, '2024-02-09', '20:30:00', '23:00:00'),
(1332, 62, '2024-02-16', '20:30:00', '23:00:00'),
(1333, 62, '2024-02-23', '20:30:00', '23:00:00'),
(1334, 62, '2024-03-01', '20:30:00', '23:00:00'),
(1335, 62, '2024-03-08', '20:30:00', '23:00:00'),
(1336, 62, '2024-03-15', '20:30:00', '23:00:00'),
(1337, 62, '2024-03-22', '20:30:00', '23:00:00'),
(1338, 62, '2024-03-29', '20:30:00', '23:00:00'),
(1339, 62, '2024-04-05', '20:30:00', '23:00:00'),
(1340, 62, '2024-04-12', '20:30:00', '23:00:00'),
(1341, 62, '2024-04-19', '20:30:00', '23:00:00'),
(1342, 62, '2024-04-26', '20:30:00', '23:00:00'),
(1343, 62, '2024-05-03', '20:30:00', '23:00:00'),
(1344, 62, '2024-05-10', '20:30:00', '23:00:00'),
(1345, 62, '2024-05-17', '20:30:00', '23:00:00'),
(1346, 62, '2024-05-24', '20:30:00', '23:00:00'),
(1347, 62, '2024-05-31', '20:30:00', '23:00:00'),
(1348, 62, '2024-06-07', '20:30:00', '23:00:00'),
(1349, 63, '2023-06-09', '19:00:00', '21:00:00'),
(1350, 63, '2023-06-16', '19:00:00', '21:00:00'),
(1351, 63, '2023-06-23', '19:00:00', '21:00:00'),
(1352, 63, '2023-06-30', '19:00:00', '21:00:00'),
(1353, 63, '2023-07-07', '19:00:00', '21:00:00'),
(1354, 63, '2023-07-14', '19:00:00', '21:00:00'),
(1355, 63, '2023-07-21', '19:00:00', '21:00:00'),
(1356, 63, '2023-07-28', '19:00:00', '21:00:00'),
(1357, 63, '2023-08-04', '19:00:00', '21:00:00'),
(1358, 63, '2023-08-11', '19:00:00', '21:00:00'),
(1359, 63, '2023-08-18', '19:00:00', '21:00:00'),
(1360, 63, '2023-08-25', '19:00:00', '21:00:00'),
(1361, 63, '2023-09-01', '19:00:00', '21:00:00'),
(1362, 63, '2023-09-08', '19:00:00', '21:00:00'),
(1363, 63, '2023-09-15', '19:00:00', '21:00:00'),
(1364, 63, '2023-09-22', '19:00:00', '21:00:00'),
(1365, 63, '2023-09-29', '19:00:00', '21:00:00'),
(1366, 63, '2023-10-06', '19:00:00', '21:00:00'),
(1367, 63, '2023-10-13', '19:00:00', '21:00:00'),
(1368, 63, '2023-10-20', '19:00:00', '21:00:00'),
(1369, 63, '2023-10-27', '19:00:00', '21:00:00'),
(1370, 63, '2023-11-03', '19:00:00', '21:00:00'),
(1371, 63, '2023-11-10', '19:00:00', '21:00:00'),
(1372, 63, '2023-11-17', '19:00:00', '21:00:00'),
(1373, 63, '2023-11-24', '19:00:00', '21:00:00'),
(1374, 63, '2023-12-01', '19:00:00', '21:00:00'),
(1375, 63, '2023-12-08', '19:00:00', '21:00:00'),
(1376, 63, '2023-12-15', '19:00:00', '21:00:00'),
(1377, 63, '2023-12-22', '19:00:00', '21:00:00'),
(1378, 63, '2023-12-29', '19:00:00', '21:00:00'),
(1379, 63, '2024-01-05', '19:00:00', '21:00:00'),
(1380, 63, '2024-01-12', '19:00:00', '21:00:00'),
(1381, 63, '2024-01-19', '19:00:00', '21:00:00'),
(1382, 63, '2024-01-26', '19:00:00', '21:00:00'),
(1383, 63, '2024-02-02', '19:00:00', '21:00:00'),
(1384, 63, '2024-02-09', '19:00:00', '21:00:00'),
(1385, 63, '2024-02-16', '19:00:00', '21:00:00'),
(1386, 63, '2024-02-23', '19:00:00', '21:00:00'),
(1387, 63, '2024-03-01', '19:00:00', '21:00:00'),
(1388, 63, '2024-03-08', '19:00:00', '21:00:00'),
(1389, 63, '2024-03-15', '19:00:00', '21:00:00'),
(1390, 63, '2024-03-22', '19:00:00', '21:00:00'),
(1391, 63, '2024-03-29', '19:00:00', '21:00:00'),
(1392, 63, '2024-04-05', '19:00:00', '21:00:00'),
(1393, 63, '2024-04-12', '19:00:00', '21:00:00'),
(1394, 63, '2024-04-19', '19:00:00', '21:00:00'),
(1395, 63, '2024-04-26', '19:00:00', '21:00:00'),
(1396, 63, '2024-05-03', '19:00:00', '21:00:00'),
(1397, 63, '2024-05-10', '19:00:00', '21:00:00'),
(1398, 63, '2024-05-17', '19:00:00', '21:00:00'),
(1399, 63, '2024-05-24', '19:00:00', '21:00:00'),
(1400, 63, '2024-05-31', '19:00:00', '21:00:00'),
(1401, 63, '2024-06-07', '19:00:00', '21:00:00'),
(1402, 64, '2023-06-09', '18:00:00', '20:00:00'),
(1403, 64, '2023-06-16', '18:00:00', '20:00:00'),
(1404, 64, '2023-06-23', '18:00:00', '20:00:00'),
(1405, 64, '2023-06-30', '18:00:00', '20:00:00'),
(1406, 64, '2023-07-07', '18:00:00', '20:00:00'),
(1407, 64, '2023-07-14', '18:00:00', '20:00:00'),
(1408, 64, '2023-07-21', '18:00:00', '20:00:00'),
(1409, 64, '2023-07-28', '18:00:00', '20:00:00'),
(1410, 64, '2023-08-04', '18:00:00', '20:00:00'),
(1411, 64, '2023-08-11', '18:00:00', '20:00:00'),
(1412, 64, '2023-08-18', '18:00:00', '20:00:00'),
(1413, 64, '2023-08-25', '18:00:00', '20:00:00'),
(1414, 64, '2023-09-01', '18:00:00', '20:00:00'),
(1415, 64, '2023-09-08', '18:00:00', '20:00:00'),
(1416, 64, '2023-09-15', '18:00:00', '20:00:00'),
(1417, 64, '2023-09-22', '18:00:00', '20:00:00'),
(1418, 64, '2023-09-29', '18:00:00', '20:00:00'),
(1419, 64, '2023-10-06', '18:00:00', '20:00:00'),
(1420, 64, '2023-10-13', '18:00:00', '20:00:00'),
(1421, 64, '2023-10-20', '18:00:00', '20:00:00'),
(1422, 64, '2023-10-27', '18:00:00', '20:00:00'),
(1423, 64, '2023-11-03', '18:00:00', '20:00:00'),
(1424, 64, '2023-11-10', '18:00:00', '20:00:00'),
(1425, 64, '2023-11-17', '18:00:00', '20:00:00'),
(1426, 64, '2023-11-24', '18:00:00', '20:00:00'),
(1427, 64, '2023-12-01', '18:00:00', '20:00:00'),
(1428, 64, '2023-12-08', '18:00:00', '20:00:00'),
(1429, 64, '2023-12-15', '18:00:00', '20:00:00'),
(1430, 64, '2023-12-22', '18:00:00', '20:00:00'),
(1431, 64, '2023-12-29', '18:00:00', '20:00:00'),
(1432, 64, '2024-01-05', '18:00:00', '20:00:00'),
(1433, 64, '2024-01-12', '18:00:00', '20:00:00'),
(1434, 64, '2024-01-19', '18:00:00', '20:00:00'),
(1435, 64, '2024-01-26', '18:00:00', '20:00:00'),
(1436, 64, '2024-02-02', '18:00:00', '20:00:00'),
(1437, 64, '2024-02-09', '18:00:00', '20:00:00'),
(1438, 64, '2024-02-16', '18:00:00', '20:00:00'),
(1439, 64, '2024-02-23', '18:00:00', '20:00:00'),
(1440, 64, '2024-03-01', '18:00:00', '20:00:00'),
(1441, 64, '2024-03-08', '18:00:00', '20:00:00'),
(1442, 64, '2024-03-15', '18:00:00', '20:00:00'),
(1443, 64, '2024-03-22', '18:00:00', '20:00:00'),
(1444, 64, '2024-03-29', '18:00:00', '20:00:00'),
(1445, 64, '2024-04-05', '18:00:00', '20:00:00'),
(1446, 64, '2024-04-12', '18:00:00', '20:00:00'),
(1447, 64, '2024-04-19', '18:00:00', '20:00:00'),
(1448, 64, '2024-04-26', '18:00:00', '20:00:00'),
(1449, 64, '2024-05-03', '18:00:00', '20:00:00'),
(1450, 64, '2024-05-10', '18:00:00', '20:00:00'),
(1451, 64, '2024-05-17', '18:00:00', '20:00:00'),
(1452, 64, '2024-05-24', '18:00:00', '20:00:00'),
(1453, 64, '2024-05-31', '18:00:00', '20:00:00'),
(1454, 64, '2024-06-07', '18:00:00', '20:00:00'),
(1455, 65, '2023-06-09', '18:00:00', '20:00:00'),
(1456, 65, '2023-06-16', '18:00:00', '20:00:00'),
(1457, 65, '2023-06-23', '18:00:00', '20:00:00'),
(1458, 65, '2023-06-30', '18:00:00', '20:00:00'),
(1459, 65, '2023-07-07', '18:00:00', '20:00:00'),
(1460, 65, '2023-07-14', '18:00:00', '20:00:00'),
(1461, 65, '2023-07-21', '18:00:00', '20:00:00'),
(1462, 65, '2023-07-28', '18:00:00', '20:00:00'),
(1463, 65, '2023-08-04', '18:00:00', '20:00:00'),
(1464, 65, '2023-08-11', '18:00:00', '20:00:00'),
(1465, 65, '2023-08-18', '18:00:00', '20:00:00'),
(1466, 65, '2023-08-25', '18:00:00', '20:00:00'),
(1467, 65, '2023-09-01', '18:00:00', '20:00:00'),
(1468, 65, '2023-09-08', '18:00:00', '20:00:00'),
(1469, 65, '2023-09-15', '18:00:00', '20:00:00'),
(1470, 65, '2023-09-22', '18:00:00', '20:00:00'),
(1471, 65, '2023-09-29', '18:00:00', '20:00:00'),
(1472, 65, '2023-10-06', '18:00:00', '20:00:00'),
(1473, 65, '2023-10-13', '18:00:00', '20:00:00'),
(1474, 65, '2023-10-20', '18:00:00', '20:00:00'),
(1475, 65, '2023-10-27', '18:00:00', '20:00:00'),
(1476, 65, '2023-11-03', '18:00:00', '20:00:00'),
(1477, 65, '2023-11-10', '18:00:00', '20:00:00'),
(1478, 65, '2023-11-17', '18:00:00', '20:00:00'),
(1479, 65, '2023-11-24', '18:00:00', '20:00:00'),
(1480, 65, '2023-12-01', '18:00:00', '20:00:00'),
(1481, 65, '2023-12-08', '18:00:00', '20:00:00'),
(1482, 65, '2023-12-15', '18:00:00', '20:00:00'),
(1483, 65, '2023-12-22', '18:00:00', '20:00:00'),
(1484, 65, '2023-12-29', '18:00:00', '20:00:00'),
(1485, 65, '2024-01-05', '18:00:00', '20:00:00'),
(1486, 65, '2024-01-12', '18:00:00', '20:00:00'),
(1487, 65, '2024-01-19', '18:00:00', '20:00:00'),
(1488, 65, '2024-01-26', '18:00:00', '20:00:00'),
(1489, 65, '2024-02-02', '18:00:00', '20:00:00'),
(1490, 65, '2024-02-09', '18:00:00', '20:00:00'),
(1491, 65, '2024-02-16', '18:00:00', '20:00:00'),
(1492, 65, '2024-02-23', '18:00:00', '20:00:00'),
(1493, 65, '2024-03-01', '18:00:00', '20:00:00'),
(1494, 65, '2024-03-08', '18:00:00', '20:00:00'),
(1495, 65, '2024-03-15', '18:00:00', '20:00:00'),
(1496, 65, '2024-03-22', '18:00:00', '20:00:00'),
(1497, 65, '2024-03-29', '18:00:00', '20:00:00'),
(1498, 65, '2024-04-05', '18:00:00', '20:00:00'),
(1499, 65, '2024-04-12', '18:00:00', '20:00:00'),
(1500, 65, '2024-04-19', '18:00:00', '20:00:00'),
(1501, 65, '2024-04-26', '18:00:00', '20:00:00'),
(1502, 65, '2024-05-03', '18:00:00', '20:00:00'),
(1503, 65, '2024-05-10', '18:00:00', '20:00:00'),
(1504, 65, '2024-05-17', '18:00:00', '20:00:00'),
(1505, 65, '2024-05-24', '18:00:00', '20:00:00'),
(1506, 65, '2024-05-31', '18:00:00', '20:00:00'),
(1507, 65, '2024-06-07', '18:00:00', '20:00:00'),
(1508, 66, '2023-06-09', '18:00:00', '20:00:00'),
(1509, 66, '2023-06-16', '18:00:00', '20:00:00'),
(1510, 66, '2023-06-23', '18:00:00', '20:00:00'),
(1511, 66, '2023-06-30', '18:00:00', '20:00:00'),
(1512, 66, '2023-07-07', '18:00:00', '20:00:00'),
(1513, 66, '2023-07-14', '18:00:00', '20:00:00'),
(1514, 66, '2023-07-21', '18:00:00', '20:00:00'),
(1515, 66, '2023-07-28', '18:00:00', '20:00:00'),
(1516, 66, '2023-08-04', '18:00:00', '20:00:00'),
(1517, 66, '2023-08-11', '18:00:00', '20:00:00'),
(1518, 66, '2023-08-18', '18:00:00', '20:00:00'),
(1519, 66, '2023-08-25', '18:00:00', '20:00:00'),
(1520, 66, '2023-09-01', '18:00:00', '20:00:00'),
(1521, 66, '2023-09-08', '18:00:00', '20:00:00'),
(1522, 66, '2023-09-15', '18:00:00', '20:00:00'),
(1523, 66, '2023-09-22', '18:00:00', '20:00:00'),
(1524, 66, '2023-09-29', '18:00:00', '20:00:00'),
(1525, 66, '2023-10-06', '18:00:00', '20:00:00'),
(1526, 66, '2023-10-13', '18:00:00', '20:00:00'),
(1527, 66, '2023-10-20', '18:00:00', '20:00:00'),
(1528, 66, '2023-10-27', '18:00:00', '20:00:00'),
(1529, 66, '2023-11-03', '18:00:00', '20:00:00'),
(1530, 66, '2023-11-10', '18:00:00', '20:00:00'),
(1531, 66, '2023-11-17', '18:00:00', '20:00:00'),
(1532, 66, '2023-11-24', '18:00:00', '20:00:00'),
(1533, 66, '2023-12-01', '18:00:00', '20:00:00'),
(1534, 66, '2023-12-08', '18:00:00', '20:00:00'),
(1535, 66, '2023-12-15', '18:00:00', '20:00:00'),
(1536, 66, '2023-12-22', '18:00:00', '20:00:00'),
(1537, 66, '2023-12-29', '18:00:00', '20:00:00'),
(1538, 66, '2024-01-05', '18:00:00', '20:00:00'),
(1539, 66, '2024-01-12', '18:00:00', '20:00:00'),
(1540, 66, '2024-01-19', '18:00:00', '20:00:00'),
(1541, 66, '2024-01-26', '18:00:00', '20:00:00'),
(1542, 66, '2024-02-02', '18:00:00', '20:00:00'),
(1543, 66, '2024-02-09', '18:00:00', '20:00:00'),
(1544, 66, '2024-02-16', '18:00:00', '20:00:00'),
(1545, 66, '2024-02-23', '18:00:00', '20:00:00'),
(1546, 66, '2024-03-01', '18:00:00', '20:00:00'),
(1547, 66, '2024-03-08', '18:00:00', '20:00:00'),
(1548, 66, '2024-03-15', '18:00:00', '20:00:00'),
(1549, 66, '2024-03-22', '18:00:00', '20:00:00'),
(1550, 66, '2024-03-29', '18:00:00', '20:00:00'),
(1551, 66, '2024-04-05', '18:00:00', '20:00:00'),
(1552, 66, '2024-04-12', '18:00:00', '20:00:00'),
(1553, 66, '2024-04-19', '18:00:00', '20:00:00'),
(1554, 66, '2024-04-26', '18:00:00', '20:00:00'),
(1555, 66, '2024-05-03', '18:00:00', '20:00:00'),
(1556, 66, '2024-05-10', '18:00:00', '20:00:00'),
(1557, 66, '2024-05-17', '18:00:00', '20:00:00'),
(1558, 66, '2024-05-24', '18:00:00', '20:00:00'),
(1559, 66, '2024-05-31', '18:00:00', '20:00:00'),
(1560, 66, '2024-06-07', '18:00:00', '20:00:00'),
(1561, 67, '2023-06-09', '20:00:00', '23:00:00'),
(1562, 67, '2023-06-16', '20:00:00', '23:00:00'),
(1563, 67, '2023-06-23', '20:00:00', '23:00:00'),
(1564, 67, '2023-06-30', '20:00:00', '23:00:00'),
(1565, 67, '2023-07-07', '20:00:00', '23:00:00'),
(1566, 67, '2023-07-14', '20:00:00', '23:00:00'),
(1567, 67, '2023-07-21', '20:00:00', '23:00:00'),
(1568, 67, '2023-07-28', '20:00:00', '23:00:00'),
(1569, 67, '2023-08-04', '20:00:00', '23:00:00'),
(1570, 67, '2023-08-11', '20:00:00', '23:00:00'),
(1571, 67, '2023-08-18', '20:00:00', '23:00:00'),
(1572, 67, '2023-08-25', '20:00:00', '23:00:00'),
(1573, 67, '2023-09-01', '20:00:00', '23:00:00'),
(1574, 67, '2023-09-08', '20:00:00', '23:00:00'),
(1575, 67, '2023-09-15', '20:00:00', '23:00:00'),
(1576, 67, '2023-09-22', '20:00:00', '23:00:00'),
(1577, 67, '2023-09-29', '20:00:00', '23:00:00'),
(1578, 67, '2023-10-06', '20:00:00', '23:00:00'),
(1579, 67, '2023-10-13', '20:00:00', '23:00:00'),
(1580, 67, '2023-10-20', '20:00:00', '23:00:00'),
(1581, 67, '2023-10-27', '20:00:00', '23:00:00'),
(1582, 67, '2023-11-03', '20:00:00', '23:00:00'),
(1583, 67, '2023-11-10', '20:00:00', '23:00:00'),
(1584, 67, '2023-11-17', '20:00:00', '23:00:00'),
(1585, 67, '2023-11-24', '20:00:00', '23:00:00'),
(1586, 67, '2023-12-01', '20:00:00', '23:00:00'),
(1587, 67, '2023-12-08', '20:00:00', '23:00:00'),
(1588, 67, '2023-12-15', '20:00:00', '23:00:00'),
(1589, 67, '2023-12-22', '20:00:00', '23:00:00'),
(1590, 67, '2023-12-29', '20:00:00', '23:00:00'),
(1591, 67, '2024-01-05', '20:00:00', '23:00:00'),
(1592, 67, '2024-01-12', '20:00:00', '23:00:00'),
(1593, 67, '2024-01-19', '20:00:00', '23:00:00'),
(1594, 67, '2024-01-26', '20:00:00', '23:00:00'),
(1595, 67, '2024-02-02', '20:00:00', '23:00:00'),
(1596, 67, '2024-02-09', '20:00:00', '23:00:00'),
(1597, 67, '2024-02-16', '20:00:00', '23:00:00'),
(1598, 67, '2024-02-23', '20:00:00', '23:00:00'),
(1599, 67, '2024-03-01', '20:00:00', '23:00:00'),
(1600, 67, '2024-03-08', '20:00:00', '23:00:00'),
(1601, 67, '2024-03-15', '20:00:00', '23:00:00'),
(1602, 67, '2024-03-22', '20:00:00', '23:00:00'),
(1603, 67, '2024-03-29', '20:00:00', '23:00:00'),
(1604, 67, '2024-04-05', '20:00:00', '23:00:00'),
(1605, 67, '2024-04-12', '20:00:00', '23:00:00'),
(1606, 67, '2024-04-19', '20:00:00', '23:00:00'),
(1607, 67, '2024-04-26', '20:00:00', '23:00:00'),
(1608, 67, '2024-05-03', '20:00:00', '23:00:00'),
(1609, 67, '2024-05-10', '20:00:00', '23:00:00'),
(1610, 67, '2024-05-17', '20:00:00', '23:00:00'),
(1611, 67, '2024-05-24', '20:00:00', '23:00:00'),
(1612, 67, '2024-05-31', '20:00:00', '23:00:00'),
(1613, 67, '2024-06-07', '20:00:00', '23:00:00'),
(1614, 68, '2023-06-09', '20:00:00', '21:00:00'),
(1615, 68, '2023-06-16', '20:00:00', '21:00:00'),
(1616, 68, '2023-06-23', '20:00:00', '21:00:00'),
(1617, 68, '2023-06-30', '20:00:00', '21:00:00'),
(1618, 68, '2023-07-07', '20:00:00', '21:00:00'),
(1619, 68, '2023-07-14', '20:00:00', '21:00:00'),
(1620, 68, '2023-07-21', '20:00:00', '21:00:00'),
(1621, 68, '2023-07-28', '20:00:00', '21:00:00'),
(1622, 68, '2023-08-04', '20:00:00', '21:00:00'),
(1623, 68, '2023-08-11', '20:00:00', '21:00:00'),
(1624, 68, '2023-08-18', '20:00:00', '21:00:00'),
(1625, 68, '2023-08-25', '20:00:00', '21:00:00'),
(1626, 68, '2023-09-01', '20:00:00', '21:00:00'),
(1627, 68, '2023-09-08', '20:00:00', '21:00:00'),
(1628, 68, '2023-09-15', '20:00:00', '21:00:00'),
(1629, 68, '2023-09-22', '20:00:00', '21:00:00'),
(1630, 68, '2023-09-29', '20:00:00', '21:00:00'),
(1631, 68, '2023-10-06', '20:00:00', '21:00:00'),
(1632, 68, '2023-10-13', '20:00:00', '21:00:00'),
(1633, 68, '2023-10-20', '20:00:00', '21:00:00'),
(1634, 68, '2023-10-27', '20:00:00', '21:00:00'),
(1635, 68, '2023-11-03', '20:00:00', '21:00:00'),
(1636, 68, '2023-11-10', '20:00:00', '21:00:00'),
(1637, 68, '2023-11-17', '20:00:00', '21:00:00'),
(1638, 68, '2023-11-24', '20:00:00', '21:00:00'),
(1639, 68, '2023-12-01', '20:00:00', '21:00:00'),
(1640, 68, '2023-12-08', '20:00:00', '21:00:00'),
(1641, 68, '2023-12-15', '20:00:00', '21:00:00'),
(1642, 68, '2023-12-22', '20:00:00', '21:00:00'),
(1643, 68, '2023-12-29', '20:00:00', '21:00:00'),
(1644, 68, '2024-01-05', '20:00:00', '21:00:00'),
(1645, 68, '2024-01-12', '20:00:00', '21:00:00'),
(1646, 68, '2024-01-19', '20:00:00', '21:00:00'),
(1647, 68, '2024-01-26', '20:00:00', '21:00:00'),
(1648, 68, '2024-02-02', '20:00:00', '21:00:00'),
(1649, 68, '2024-02-09', '20:00:00', '21:00:00'),
(1650, 68, '2024-02-16', '20:00:00', '21:00:00'),
(1651, 68, '2024-02-23', '20:00:00', '21:00:00'),
(1652, 68, '2024-03-01', '20:00:00', '21:00:00'),
(1653, 68, '2024-03-08', '20:00:00', '21:00:00'),
(1654, 68, '2024-03-15', '20:00:00', '21:00:00'),
(1655, 68, '2024-03-22', '20:00:00', '21:00:00'),
(1656, 68, '2024-03-29', '20:00:00', '21:00:00'),
(1657, 68, '2024-04-05', '20:00:00', '21:00:00'),
(1658, 68, '2024-04-12', '20:00:00', '21:00:00'),
(1659, 68, '2024-04-19', '20:00:00', '21:00:00'),
(1660, 68, '2024-04-26', '20:00:00', '21:00:00'),
(1661, 68, '2024-05-03', '20:00:00', '21:00:00'),
(1662, 68, '2024-05-10', '20:00:00', '21:00:00'),
(1663, 68, '2024-05-17', '20:00:00', '21:00:00'),
(1664, 68, '2024-05-24', '20:00:00', '21:00:00'),
(1665, 68, '2024-05-31', '20:00:00', '21:00:00'),
(1666, 68, '2024-06-07', '20:00:00', '21:00:00'),
(1667, 69, '2023-06-09', '20:00:00', '21:00:00'),
(1668, 69, '2023-06-16', '20:00:00', '21:00:00'),
(1669, 69, '2023-06-23', '20:00:00', '21:00:00'),
(1670, 69, '2023-06-30', '20:00:00', '21:00:00'),
(1671, 69, '2023-07-07', '20:00:00', '21:00:00'),
(1672, 69, '2023-07-14', '20:00:00', '21:00:00'),
(1673, 69, '2023-07-21', '20:00:00', '21:00:00'),
(1674, 69, '2023-07-28', '20:00:00', '21:00:00'),
(1675, 69, '2023-08-04', '20:00:00', '21:00:00'),
(1676, 69, '2023-08-11', '20:00:00', '21:00:00'),
(1677, 69, '2023-08-18', '20:00:00', '21:00:00'),
(1678, 69, '2023-08-25', '20:00:00', '21:00:00'),
(1679, 69, '2023-09-01', '20:00:00', '21:00:00'),
(1680, 69, '2023-09-08', '20:00:00', '21:00:00'),
(1681, 69, '2023-09-15', '20:00:00', '21:00:00'),
(1682, 69, '2023-09-22', '20:00:00', '21:00:00'),
(1683, 69, '2023-09-29', '20:00:00', '21:00:00'),
(1684, 69, '2023-10-06', '20:00:00', '21:00:00'),
(1685, 69, '2023-10-13', '20:00:00', '21:00:00'),
(1686, 69, '2023-10-20', '20:00:00', '21:00:00'),
(1687, 69, '2023-10-27', '20:00:00', '21:00:00'),
(1688, 69, '2023-11-03', '20:00:00', '21:00:00'),
(1689, 69, '2023-11-10', '20:00:00', '21:00:00'),
(1690, 69, '2023-11-17', '20:00:00', '21:00:00'),
(1691, 69, '2023-11-24', '20:00:00', '21:00:00'),
(1692, 69, '2023-12-01', '20:00:00', '21:00:00'),
(1693, 69, '2023-12-08', '20:00:00', '21:00:00'),
(1694, 69, '2023-12-15', '20:00:00', '21:00:00'),
(1695, 69, '2023-12-22', '20:00:00', '21:00:00'),
(1696, 69, '2023-12-29', '20:00:00', '21:00:00'),
(1697, 69, '2024-01-05', '20:00:00', '21:00:00'),
(1698, 69, '2024-01-12', '20:00:00', '21:00:00'),
(1699, 69, '2024-01-19', '20:00:00', '21:00:00'),
(1700, 69, '2024-01-26', '20:00:00', '21:00:00'),
(1701, 69, '2024-02-02', '20:00:00', '21:00:00'),
(1702, 69, '2024-02-09', '20:00:00', '21:00:00'),
(1703, 69, '2024-02-16', '20:00:00', '21:00:00'),
(1704, 69, '2024-02-23', '20:00:00', '21:00:00'),
(1705, 69, '2024-03-01', '20:00:00', '21:00:00'),
(1706, 69, '2024-03-08', '20:00:00', '21:00:00'),
(1707, 69, '2024-03-15', '20:00:00', '21:00:00'),
(1708, 69, '2024-03-22', '20:00:00', '21:00:00'),
(1709, 69, '2024-03-29', '20:00:00', '21:00:00'),
(1710, 69, '2024-04-05', '20:00:00', '21:00:00'),
(1711, 69, '2024-04-12', '20:00:00', '21:00:00'),
(1712, 69, '2024-04-19', '20:00:00', '21:00:00'),
(1713, 69, '2024-04-26', '20:00:00', '21:00:00'),
(1714, 69, '2024-05-03', '20:00:00', '21:00:00'),
(1715, 69, '2024-05-10', '20:00:00', '21:00:00'),
(1716, 69, '2024-05-17', '20:00:00', '21:00:00'),
(1717, 69, '2024-05-24', '20:00:00', '21:00:00'),
(1718, 69, '2024-05-31', '20:00:00', '21:00:00'),
(1719, 69, '2024-06-07', '20:00:00', '21:00:00'),
(1720, 70, '2023-06-09', '21:00:00', '23:00:00'),
(1721, 70, '2023-06-16', '21:00:00', '23:00:00'),
(1722, 70, '2023-06-23', '21:00:00', '23:00:00'),
(1723, 70, '2023-06-30', '21:00:00', '23:00:00'),
(1724, 70, '2023-07-07', '21:00:00', '23:00:00'),
(1725, 70, '2023-07-14', '21:00:00', '23:00:00'),
(1726, 70, '2023-07-21', '21:00:00', '23:00:00'),
(1727, 70, '2023-07-28', '21:00:00', '23:00:00'),
(1728, 70, '2023-08-04', '21:00:00', '23:00:00'),
(1729, 70, '2023-08-11', '21:00:00', '23:00:00'),
(1730, 70, '2023-08-18', '21:00:00', '23:00:00'),
(1731, 70, '2023-08-25', '21:00:00', '23:00:00'),
(1732, 70, '2023-09-01', '21:00:00', '23:00:00'),
(1733, 70, '2023-09-08', '21:00:00', '23:00:00'),
(1734, 70, '2023-09-15', '21:00:00', '23:00:00'),
(1735, 70, '2023-09-22', '21:00:00', '23:00:00'),
(1736, 70, '2023-09-29', '21:00:00', '23:00:00'),
(1737, 70, '2023-10-06', '21:00:00', '23:00:00'),
(1738, 70, '2023-10-13', '21:00:00', '23:00:00'),
(1739, 70, '2023-10-20', '21:00:00', '23:00:00'),
(1740, 70, '2023-10-27', '21:00:00', '23:00:00'),
(1741, 70, '2023-11-03', '21:00:00', '23:00:00'),
(1742, 70, '2023-11-10', '21:00:00', '23:00:00'),
(1743, 70, '2023-11-17', '21:00:00', '23:00:00'),
(1744, 70, '2023-11-24', '21:00:00', '23:00:00'),
(1745, 70, '2023-12-01', '21:00:00', '23:00:00'),
(1746, 70, '2023-12-08', '21:00:00', '23:00:00'),
(1747, 70, '2023-12-15', '21:00:00', '23:00:00'),
(1748, 70, '2023-12-22', '21:00:00', '23:00:00'),
(1749, 70, '2023-12-29', '21:00:00', '23:00:00'),
(1750, 70, '2024-01-05', '21:00:00', '23:00:00'),
(1751, 70, '2024-01-12', '21:00:00', '23:00:00'),
(1752, 70, '2024-01-19', '21:00:00', '23:00:00'),
(1753, 70, '2024-01-26', '21:00:00', '23:00:00'),
(1754, 70, '2024-02-02', '21:00:00', '23:00:00'),
(1755, 70, '2024-02-09', '21:00:00', '23:00:00'),
(1756, 70, '2024-02-16', '21:00:00', '23:00:00'),
(1757, 70, '2024-02-23', '21:00:00', '23:00:00'),
(1758, 70, '2024-03-01', '21:00:00', '23:00:00'),
(1759, 70, '2024-03-08', '21:00:00', '23:00:00'),
(1760, 70, '2024-03-15', '21:00:00', '23:00:00'),
(1761, 70, '2024-03-22', '21:00:00', '23:00:00'),
(1762, 70, '2024-03-29', '21:00:00', '23:00:00'),
(1763, 70, '2024-04-05', '21:00:00', '23:00:00'),
(1764, 70, '2024-04-12', '21:00:00', '23:00:00'),
(1765, 70, '2024-04-19', '21:00:00', '23:00:00'),
(1766, 70, '2024-04-26', '21:00:00', '23:00:00'),
(1767, 70, '2024-05-03', '21:00:00', '23:00:00'),
(1768, 70, '2024-05-10', '21:00:00', '23:00:00'),
(1769, 70, '2024-05-17', '21:00:00', '23:00:00'),
(1770, 70, '2024-05-24', '21:00:00', '23:00:00'),
(1771, 70, '2024-05-31', '21:00:00', '23:00:00'),
(1772, 70, '2024-06-07', '21:00:00', '23:00:00'),
(1773, 71, '2023-06-09', '21:00:00', '23:00:00'),
(1774, 71, '2023-06-16', '21:00:00', '23:00:00'),
(1775, 71, '2023-06-23', '21:00:00', '23:00:00'),
(1776, 71, '2023-06-30', '21:00:00', '23:00:00'),
(1777, 71, '2023-07-07', '21:00:00', '23:00:00'),
(1778, 71, '2023-07-14', '21:00:00', '23:00:00'),
(1779, 71, '2023-07-21', '21:00:00', '23:00:00'),
(1780, 71, '2023-07-28', '21:00:00', '23:00:00'),
(1781, 71, '2023-08-04', '21:00:00', '23:00:00'),
(1782, 71, '2023-08-11', '21:00:00', '23:00:00'),
(1783, 71, '2023-08-18', '21:00:00', '23:00:00'),
(1784, 71, '2023-08-25', '21:00:00', '23:00:00'),
(1785, 71, '2023-09-01', '21:00:00', '23:00:00'),
(1786, 71, '2023-09-08', '21:00:00', '23:00:00'),
(1787, 71, '2023-09-15', '21:00:00', '23:00:00'),
(1788, 71, '2023-09-22', '21:00:00', '23:00:00'),
(1789, 71, '2023-09-29', '21:00:00', '23:00:00'),
(1790, 71, '2023-10-06', '21:00:00', '23:00:00'),
(1791, 71, '2023-10-13', '21:00:00', '23:00:00'),
(1792, 71, '2023-10-20', '21:00:00', '23:00:00'),
(1793, 71, '2023-10-27', '21:00:00', '23:00:00'),
(1794, 71, '2023-11-03', '21:00:00', '23:00:00'),
(1795, 71, '2023-11-10', '21:00:00', '23:00:00'),
(1796, 71, '2023-11-17', '21:00:00', '23:00:00'),
(1797, 71, '2023-11-24', '21:00:00', '23:00:00'),
(1798, 71, '2023-12-01', '21:00:00', '23:00:00'),
(1799, 71, '2023-12-08', '21:00:00', '23:00:00'),
(1800, 71, '2023-12-15', '21:00:00', '23:00:00'),
(1801, 71, '2023-12-22', '21:00:00', '23:00:00'),
(1802, 71, '2023-12-29', '21:00:00', '23:00:00'),
(1803, 71, '2024-01-05', '21:00:00', '23:00:00'),
(1804, 71, '2024-01-12', '21:00:00', '23:00:00'),
(1805, 71, '2024-01-19', '21:00:00', '23:00:00'),
(1806, 71, '2024-01-26', '21:00:00', '23:00:00'),
(1807, 71, '2024-02-02', '21:00:00', '23:00:00'),
(1808, 71, '2024-02-09', '21:00:00', '23:00:00'),
(1809, 71, '2024-02-16', '21:00:00', '23:00:00'),
(1810, 71, '2024-02-23', '21:00:00', '23:00:00'),
(1811, 71, '2024-03-01', '21:00:00', '23:00:00'),
(1812, 71, '2024-03-08', '21:00:00', '23:00:00'),
(1813, 71, '2024-03-15', '21:00:00', '23:00:00'),
(1814, 71, '2024-03-22', '21:00:00', '23:00:00'),
(1815, 71, '2024-03-29', '21:00:00', '23:00:00'),
(1816, 71, '2024-04-05', '21:00:00', '23:00:00'),
(1817, 71, '2024-04-12', '21:00:00', '23:00:00'),
(1818, 71, '2024-04-19', '21:00:00', '23:00:00'),
(1819, 71, '2024-04-26', '21:00:00', '23:00:00'),
(1820, 71, '2024-05-03', '21:00:00', '23:00:00'),
(1821, 71, '2024-05-10', '21:00:00', '23:00:00'),
(1822, 71, '2024-05-17', '21:00:00', '23:00:00'),
(1823, 71, '2024-05-24', '21:00:00', '23:00:00'),
(1824, 71, '2024-05-31', '21:00:00', '23:00:00'),
(1825, 71, '2024-06-07', '21:00:00', '23:00:00'),
(1826, 72, '2023-06-09', '21:00:00', '23:00:00'),
(1827, 72, '2023-06-16', '21:00:00', '23:00:00'),
(1828, 72, '2023-06-23', '21:00:00', '23:00:00'),
(1829, 72, '2023-06-30', '21:00:00', '23:00:00'),
(1830, 72, '2023-07-07', '21:00:00', '23:00:00'),
(1831, 72, '2023-07-14', '21:00:00', '23:00:00'),
(1832, 72, '2023-07-21', '21:00:00', '23:00:00'),
(1833, 72, '2023-07-28', '21:00:00', '23:00:00'),
(1834, 72, '2023-08-04', '21:00:00', '23:00:00'),
(1835, 72, '2023-08-11', '21:00:00', '23:00:00'),
(1836, 72, '2023-08-18', '21:00:00', '23:00:00'),
(1837, 72, '2023-08-25', '21:00:00', '23:00:00'),
(1838, 72, '2023-09-01', '21:00:00', '23:00:00'),
(1839, 72, '2023-09-08', '21:00:00', '23:00:00'),
(1840, 72, '2023-09-15', '21:00:00', '23:00:00'),
(1841, 72, '2023-09-22', '21:00:00', '23:00:00'),
(1842, 72, '2023-09-29', '21:00:00', '23:00:00'),
(1843, 72, '2023-10-06', '21:00:00', '23:00:00'),
(1844, 72, '2023-10-13', '21:00:00', '23:00:00'),
(1845, 72, '2023-10-20', '21:00:00', '23:00:00'),
(1846, 72, '2023-10-27', '21:00:00', '23:00:00'),
(1847, 72, '2023-11-03', '21:00:00', '23:00:00'),
(1848, 72, '2023-11-10', '21:00:00', '23:00:00'),
(1849, 72, '2023-11-17', '21:00:00', '23:00:00'),
(1850, 72, '2023-11-24', '21:00:00', '23:00:00'),
(1851, 72, '2023-12-01', '21:00:00', '23:00:00'),
(1852, 72, '2023-12-08', '21:00:00', '23:00:00'),
(1853, 72, '2023-12-15', '21:00:00', '23:00:00'),
(1854, 72, '2023-12-22', '21:00:00', '23:00:00'),
(1855, 72, '2023-12-29', '21:00:00', '23:00:00'),
(1856, 72, '2024-01-05', '21:00:00', '23:00:00'),
(1857, 72, '2024-01-12', '21:00:00', '23:00:00'),
(1858, 72, '2024-01-19', '21:00:00', '23:00:00'),
(1859, 72, '2024-01-26', '21:00:00', '23:00:00'),
(1860, 72, '2024-02-02', '21:00:00', '23:00:00'),
(1861, 72, '2024-02-09', '21:00:00', '23:00:00'),
(1862, 72, '2024-02-16', '21:00:00', '23:00:00'),
(1863, 72, '2024-02-23', '21:00:00', '23:00:00'),
(1864, 72, '2024-03-01', '21:00:00', '23:00:00'),
(1865, 72, '2024-03-08', '21:00:00', '23:00:00'),
(1866, 72, '2024-03-15', '21:00:00', '23:00:00'),
(1867, 72, '2024-03-22', '21:00:00', '23:00:00'),
(1868, 72, '2024-03-29', '21:00:00', '23:00:00'),
(1869, 72, '2024-04-05', '21:00:00', '23:00:00'),
(1870, 72, '2024-04-12', '21:00:00', '23:00:00'),
(1871, 72, '2024-04-19', '21:00:00', '23:00:00'),
(1872, 72, '2024-04-26', '21:00:00', '23:00:00'),
(1873, 72, '2024-05-03', '21:00:00', '23:00:00'),
(1874, 72, '2024-05-10', '21:00:00', '23:00:00'),
(1875, 72, '2024-05-17', '21:00:00', '23:00:00'),
(1876, 72, '2024-05-24', '21:00:00', '23:00:00'),
(1877, 72, '2024-05-31', '21:00:00', '23:00:00'),
(1878, 72, '2024-06-07', '21:00:00', '23:00:00'),
(1879, 73, '2023-06-09', '21:00:00', '23:00:00'),
(1880, 73, '2023-06-16', '21:00:00', '23:00:00'),
(1881, 73, '2023-06-23', '21:00:00', '23:00:00'),
(1882, 73, '2023-06-30', '21:00:00', '23:00:00'),
(1883, 73, '2023-07-07', '21:00:00', '23:00:00'),
(1884, 73, '2023-07-14', '21:00:00', '23:00:00'),
(1885, 73, '2023-07-21', '21:00:00', '23:00:00'),
(1886, 73, '2023-07-28', '21:00:00', '23:00:00'),
(1887, 73, '2023-08-04', '21:00:00', '23:00:00'),
(1888, 73, '2023-08-11', '21:00:00', '23:00:00'),
(1889, 73, '2023-08-18', '21:00:00', '23:00:00'),
(1890, 73, '2023-08-25', '21:00:00', '23:00:00'),
(1891, 73, '2023-09-01', '21:00:00', '23:00:00'),
(1892, 73, '2023-09-08', '21:00:00', '23:00:00'),
(1893, 73, '2023-09-15', '21:00:00', '23:00:00'),
(1894, 73, '2023-09-22', '21:00:00', '23:00:00'),
(1895, 73, '2023-09-29', '21:00:00', '23:00:00'),
(1896, 73, '2023-10-06', '21:00:00', '23:00:00'),
(1897, 73, '2023-10-13', '21:00:00', '23:00:00'),
(1898, 73, '2023-10-20', '21:00:00', '23:00:00'),
(1899, 73, '2023-10-27', '21:00:00', '23:00:00'),
(1900, 73, '2023-11-03', '21:00:00', '23:00:00'),
(1901, 73, '2023-11-10', '21:00:00', '23:00:00'),
(1902, 73, '2023-11-17', '21:00:00', '23:00:00'),
(1903, 73, '2023-11-24', '21:00:00', '23:00:00'),
(1904, 73, '2023-12-01', '21:00:00', '23:00:00'),
(1905, 73, '2023-12-08', '21:00:00', '23:00:00'),
(1906, 73, '2023-12-15', '21:00:00', '23:00:00'),
(1907, 73, '2023-12-22', '21:00:00', '23:00:00'),
(1908, 73, '2023-12-29', '21:00:00', '23:00:00'),
(1909, 73, '2024-01-05', '21:00:00', '23:00:00'),
(1910, 73, '2024-01-12', '21:00:00', '23:00:00'),
(1911, 73, '2024-01-19', '21:00:00', '23:00:00'),
(1912, 73, '2024-01-26', '21:00:00', '23:00:00'),
(1913, 73, '2024-02-02', '21:00:00', '23:00:00'),
(1914, 73, '2024-02-09', '21:00:00', '23:00:00'),
(1915, 73, '2024-02-16', '21:00:00', '23:00:00'),
(1916, 73, '2024-02-23', '21:00:00', '23:00:00'),
(1917, 73, '2024-03-01', '21:00:00', '23:00:00'),
(1918, 73, '2024-03-08', '21:00:00', '23:00:00'),
(1919, 73, '2024-03-15', '21:00:00', '23:00:00'),
(1920, 73, '2024-03-22', '21:00:00', '23:00:00'),
(1921, 73, '2024-03-29', '21:00:00', '23:00:00'),
(1922, 73, '2024-04-05', '21:00:00', '23:00:00'),
(1923, 73, '2024-04-12', '21:00:00', '23:00:00'),
(1924, 73, '2024-04-19', '21:00:00', '23:00:00'),
(1925, 73, '2024-04-26', '21:00:00', '23:00:00'),
(1926, 73, '2024-05-03', '21:00:00', '23:00:00'),
(1927, 73, '2024-05-10', '21:00:00', '23:00:00'),
(1928, 73, '2024-05-17', '21:00:00', '23:00:00'),
(1929, 73, '2024-05-24', '21:00:00', '23:00:00'),
(1930, 73, '2024-05-31', '21:00:00', '23:00:00'),
(1931, 73, '2024-06-07', '21:00:00', '23:00:00'),
(1932, 74, '2023-06-09', '21:00:00', '23:00:00'),
(1933, 74, '2023-06-16', '21:00:00', '23:00:00'),
(1934, 74, '2023-06-23', '21:00:00', '23:00:00'),
(1935, 74, '2023-06-30', '21:00:00', '23:00:00'),
(1936, 74, '2023-07-07', '21:00:00', '23:00:00'),
(1937, 74, '2023-07-14', '21:00:00', '23:00:00'),
(1938, 74, '2023-07-21', '21:00:00', '23:00:00'),
(1939, 74, '2023-07-28', '21:00:00', '23:00:00'),
(1940, 74, '2023-08-04', '21:00:00', '23:00:00'),
(1941, 74, '2023-08-11', '21:00:00', '23:00:00'),
(1942, 74, '2023-08-18', '21:00:00', '23:00:00'),
(1943, 74, '2023-08-25', '21:00:00', '23:00:00'),
(1944, 74, '2023-09-01', '21:00:00', '23:00:00'),
(1945, 74, '2023-09-08', '21:00:00', '23:00:00'),
(1946, 74, '2023-09-15', '21:00:00', '23:00:00'),
(1947, 74, '2023-09-22', '21:00:00', '23:00:00'),
(1948, 74, '2023-09-29', '21:00:00', '23:00:00'),
(1949, 74, '2023-10-06', '21:00:00', '23:00:00'),
(1950, 74, '2023-10-13', '21:00:00', '23:00:00'),
(1951, 74, '2023-10-20', '21:00:00', '23:00:00'),
(1952, 74, '2023-10-27', '21:00:00', '23:00:00'),
(1953, 74, '2023-11-03', '21:00:00', '23:00:00'),
(1954, 74, '2023-11-10', '21:00:00', '23:00:00'),
(1955, 74, '2023-11-17', '21:00:00', '23:00:00'),
(1956, 74, '2023-11-24', '21:00:00', '23:00:00'),
(1957, 74, '2023-12-01', '21:00:00', '23:00:00'),
(1958, 74, '2023-12-08', '21:00:00', '23:00:00'),
(1959, 74, '2023-12-15', '21:00:00', '23:00:00'),
(1960, 74, '2023-12-22', '21:00:00', '23:00:00'),
(1961, 74, '2023-12-29', '21:00:00', '23:00:00'),
(1962, 74, '2024-01-05', '21:00:00', '23:00:00'),
(1963, 74, '2024-01-12', '21:00:00', '23:00:00'),
(1964, 74, '2024-01-19', '21:00:00', '23:00:00'),
(1965, 74, '2024-01-26', '21:00:00', '23:00:00'),
(1966, 74, '2024-02-02', '21:00:00', '23:00:00'),
(1967, 74, '2024-02-09', '21:00:00', '23:00:00'),
(1968, 74, '2024-02-16', '21:00:00', '23:00:00'),
(1969, 74, '2024-02-23', '21:00:00', '23:00:00'),
(1970, 74, '2024-03-01', '21:00:00', '23:00:00'),
(1971, 74, '2024-03-08', '21:00:00', '23:00:00'),
(1972, 74, '2024-03-15', '21:00:00', '23:00:00'),
(1973, 74, '2024-03-22', '21:00:00', '23:00:00'),
(1974, 74, '2024-03-29', '21:00:00', '23:00:00'),
(1975, 74, '2024-04-05', '21:00:00', '23:00:00'),
(1976, 74, '2024-04-12', '21:00:00', '23:00:00'),
(1977, 74, '2024-04-19', '21:00:00', '23:00:00'),
(1978, 74, '2024-04-26', '21:00:00', '23:00:00'),
(1979, 74, '2024-05-03', '21:00:00', '23:00:00'),
(1980, 74, '2024-05-10', '21:00:00', '23:00:00'),
(1981, 74, '2024-05-17', '21:00:00', '23:00:00'),
(1982, 74, '2024-05-24', '21:00:00', '23:00:00'),
(1983, 74, '2024-05-31', '21:00:00', '23:00:00'),
(1984, 74, '2024-06-07', '21:00:00', '23:00:00'),
(1985, 75, '2023-06-09', '14:30:00', '15:00:00'),
(1986, 76, '2023-06-09', '14:00:00', '14:30:00');

-- --------------------------------------------------------

--
-- Table structure for table `bs_reservations_meta`
--

CREATE TABLE `bs_reservations_meta` (
  `rmid` int(10) UNSIGNED NOT NULL,
  `rid` int(10) UNSIGNED NOT NULL,
  `key` varchar(64) NOT NULL,
  `value` text NOT NULL
) ENGINE=InnoDB DEFAULT CHARSET=utf8 COLLATE=utf8_general_ci;

-- --------------------------------------------------------

--
-- Table structure for table `bs_squares`
--

CREATE TABLE `bs_squares` (
  `sid` int(10) UNSIGNED NOT NULL,
  `name` varchar(64) NOT NULL,
  `status` varchar(64) NOT NULL DEFAULT 'enabled' COMMENT 'disabled|readonly|enabled',
  `priority` float NOT NULL DEFAULT 1,
  `capacity` int(10) UNSIGNED NOT NULL,
  `capacity_heterogenic` tinyint(1) NOT NULL,
  `allow_notes` tinyint(1) NOT NULL DEFAULT 0,
  `time_start` time NOT NULL,
  `time_end` time NOT NULL,
  `time_block` int(10) UNSIGNED NOT NULL,
  `time_block_bookable` int(10) UNSIGNED NOT NULL,
  `time_block_bookable_max` int(10) UNSIGNED DEFAULT NULL,
  `min_range_book` int(10) UNSIGNED DEFAULT 0,
  `range_book` int(10) UNSIGNED DEFAULT NULL,
  `max_active_bookings` int(10) UNSIGNED DEFAULT 0,
  `range_cancel` int(10) UNSIGNED DEFAULT NULL
) ENGINE=InnoDB DEFAULT CHARSET=utf8 COLLATE=utf8_general_ci;

--
-- Dumping data for table `bs_squares`
--

INSERT INTO `bs_squares` (`sid`, `name`, `status`, `priority`, `capacity`, `capacity_heterogenic`, `allow_notes`, `time_start`, `time_end`, `time_block`, `time_block_bookable`, `time_block_bookable_max`, `min_range_book`, `range_book`, `max_active_bookings`, `range_cancel`) VALUES
(1, '1', 'enabled', 1, 1, 0, 0, '10:00:00', '23:00:00', 1800, 1800, 180000, 0, 2592000, 0, 86400),
(2, '2', 'enabled', 2, 1, 0, 0, '10:00:00', '23:00:00', 1800, 1800, 180000, 0, 2592000, 0, 86400),
(3, '3', 'enabled', 3, 1, 0, 0, '10:00:00', '23:00:00', 1800, 1800, 180000, 0, 2592000, 0, 86400),
(5, '4', 'enabled', 4, 1, 0, 0, '10:00:00', '23:00:00', 1800, 1800, 180000, 0, 2592000, 0, 86400),
(6, '5', 'enabled', 5, 1, 0, 0, '10:00:00', '23:00:00', 1800, 1800, 180000, 0, 2592000, 0, 86400),
(7, '6', 'enabled', 6, 1, 0, 0, '10:00:00', '23:00:00', 1800, 1800, 180000, 0, 2592000, 0, 86400),
(8, '7', 'enabled', 7, 1, 0, 0, '10:00:00', '23:00:00', 1800, 1800, 180000, 0, 2592000, 0, 86400),
(9, '8', 'enabled', 8, 1, 0, 0, '10:00:00', '23:00:00', 1800, 1800, 180000, 0, 2592000, 0, 86400),
(10, '9', 'enabled', 9, 1, 0, 0, '10:00:00', '23:00:00', 1800, 1800, 180000, 0, 2592000, 0, 86400),
(11, 'TBL 1', 'enabled', 10, 1, 0, 0, '10:00:00', '23:00:00', 1800, 1800, 180000, 0, 2592000, 0, 86400),
(12, 'TBL 2', 'enabled', 10, 1, 0, 0, '10:00:00', '23:00:00', 1800, 1800, 180000, 0, 2592000, 0, 86400),
(13, 'TBL 3', 'enabled', 10, 1, 0, 0, '10:00:00', '23:00:00', 1800, 1800, 180000, 0, 2592000, 0, 86400),
(14, 'TBL 4', 'enabled', 10, 1, 0, 0, '10:00:00', '23:00:00', 1800, 1800, 180000, 0, 2592000, 0, 86400),
(15, 'TBL 5', 'enabled', 10, 1, 0, 0, '10:00:00', '23:00:00', 1800, 1800, 180000, 0, 2592000, 0, 86400),
(16, 'TBL 6', 'enabled', 10, 1, 0, 0, '10:00:00', '23:00:00', 1800, 1800, 180000, 0, 2592000, 0, 86400),
(17, 'TBL 7', 'enabled', 10, 1, 0, 0, '10:00:00', '23:00:00', 1800, 1800, 180000, 0, 2592000, 0, 86400),
(18, 'TBL 8', 'enabled', 10, 1, 0, 0, '10:00:00', '23:00:00', 1800, 1800, 180000, 0, 2592000, 0, 86400);

-- --------------------------------------------------------

--
-- Table structure for table `bs_squares_coupons`
--

CREATE TABLE `bs_squares_coupons` (
  `scid` int(10) UNSIGNED NOT NULL,
  `sid` int(10) UNSIGNED DEFAULT NULL COMMENT 'NULL for all',
  `code` varchar(64) NOT NULL,
  `date_start` datetime DEFAULT NULL,
  `date_end` datetime DEFAULT NULL,
  `discount_for_booking` int(10) UNSIGNED NOT NULL,
  `discount_for_products` int(10) UNSIGNED NOT NULL,
  `discount_in_percent` tinyint(1) NOT NULL
) ENGINE=InnoDB DEFAULT CHARSET=utf8 COLLATE=utf8_general_ci;

-- --------------------------------------------------------

--
-- Table structure for table `bs_squares_meta`
--

CREATE TABLE `bs_squares_meta` (
  `smid` int(10) UNSIGNED NOT NULL,
  `sid` int(10) UNSIGNED NOT NULL,
  `key` varchar(64) NOT NULL,
  `value` text NOT NULL,
  `locale` varchar(8) DEFAULT NULL
) ENGINE=InnoDB DEFAULT CHARSET=utf8 COLLATE=utf8_general_ci;

--
-- Dumping data for table `bs_squares_meta`
--

INSERT INTO `bs_squares_meta` (`smid`, `sid`, `key`, `value`, `locale`) VALUES
(1, 1, 'info.pre', '<p>Need to be prepaid</p>', 'en-US'),
(2, 4, 'private_names', 'false', NULL),
(3, 4, 'public_names', 'true', NULL),
(4, 4, 'club_reserved_time_start', '00:00', NULL),
(5, 4, 'club_reserved_time_end', '24:00', NULL),
(6, 4, 'pseudo-time-block-bookable', 'false', NULL),
(7, 4, 'square_control', '1', NULL),
(8, 1, 'private_names', 'false', NULL),
(9, 1, 'public_names', 'true', NULL),
(10, 1, 'club_reserved_time_start', '00:00', NULL),
(11, 1, 'club_reserved_time_end', '00:00', NULL),
(12, 1, 'pseudo-time-block-bookable', 'false', NULL),
(13, 1, 'square_control', '0', NULL),
(14, 2, 'private_names', 'false', NULL),
(15, 2, 'public_names', 'true', NULL),
(16, 2, 'club_reserved_time_start', '00:00', NULL),
(17, 2, 'club_reserved_time_end', '00:00', NULL),
(18, 2, 'pseudo-time-block-bookable', 'false', NULL),
(19, 2, 'square_control', '0', NULL),
(20, 3, 'private_names', 'false', NULL),
(21, 3, 'public_names', 'true', NULL),
(22, 3, 'club_reserved_time_start', '00:00', NULL),
(23, 3, 'club_reserved_time_end', '24:00', NULL),
(24, 3, 'pseudo-time-block-bookable', 'false', NULL),
(25, 3, 'square_control', '0', NULL);

-- --------------------------------------------------------

--
-- Table structure for table `bs_squares_pricing`
--

CREATE TABLE `bs_squares_pricing` (
  `spid` int(10) UNSIGNED NOT NULL,
  `sid` int(10) UNSIGNED DEFAULT NULL COMMENT 'NULL for all',
  `priority` int(10) UNSIGNED NOT NULL,
  `date_start` date NOT NULL,
  `date_end` date NOT NULL,
  `day_start` tinyint(3) UNSIGNED DEFAULT NULL COMMENT 'Day of the week',
  `day_end` tinyint(3) UNSIGNED DEFAULT NULL,
  `time_start` time DEFAULT NULL,
  `time_end` time DEFAULT NULL,
  `price` int(10) UNSIGNED DEFAULT NULL,
  `booking_fee` int(10) UNSIGNED DEFAULT NULL,
  `rate` int(10) UNSIGNED DEFAULT NULL,
  `gross` tinyint(1) DEFAULT NULL,
  `per_time_block` int(10) UNSIGNED DEFAULT NULL,
  `per_quantity` tinyint(1) DEFAULT NULL,
  `member` varchar(255) DEFAULT NULL
) ENGINE=InnoDB DEFAULT CHARSET=utf8 COLLATE=utf8_general_ci;

--
-- Dumping data for table `bs_squares_pricing`
--

INSERT INTO `bs_squares_pricing` (`spid`, `sid`, `priority`, `date_start`, `date_end`, `day_start`, `day_end`, `time_start`, `time_end`, `price`, `booking_fee`,`rate`, `gross`, `per_time_block`, `per_quantity`, `member`) VALUES
(1, NULL, 0, '2023-05-20', '2023-12-30', 0, 6, '06:00:00', '24:00:00', 1000, 100, 19, 1, 1800, NULL, '0');

-- --------------------------------------------------------

--
-- Table structure for table `bs_squares_products`
--

CREATE TABLE `bs_squares_products` (
  `spid` int(10) UNSIGNED NOT NULL,
  `sid` int(10) UNSIGNED DEFAULT NULL COMMENT 'NULL for all',
  `priority` int(10) UNSIGNED NOT NULL,
  `date_start` date DEFAULT NULL,
  `date_end` date DEFAULT NULL,
  `name` varchar(128) NOT NULL,
  `description` text DEFAULT NULL,
  `options` varchar(512) NOT NULL,
  `price` int(10) UNSIGNED NOT NULL,
  `rate` int(10) UNSIGNED NOT NULL,
  `gross` tinyint(1) NOT NULL,
  `locale` varchar(8) DEFAULT NULL
) ENGINE=InnoDB DEFAULT CHARSET=utf8 COLLATE=utf8_general_ci;

-- --------------------------------------------------------

--
-- Table structure for table `bs_users`
--

CREATE TABLE `bs_users` (
  `uid` int(10) UNSIGNED NOT NULL,
  `alias` varchar(128) NOT NULL,
  `status` varchar(64) NOT NULL DEFAULT 'placeholder' COMMENT 'placeholder|deleted|blocked|disabled|enabled|assist|admin',
  `email` varchar(128) DEFAULT NULL,
  `pw` varchar(256) DEFAULT NULL,
  `login_attempts` tinyint(3) UNSIGNED DEFAULT NULL,
  `login_detent` datetime DEFAULT NULL,
  `last_activity` datetime DEFAULT NULL,
  `last_ip` varchar(64) DEFAULT NULL,
  `created` datetime DEFAULT NULL
) ENGINE=InnoDB DEFAULT CHARSET=utf8 COLLATE=utf8_general_ci;

--
-- Dumping data for table `bs_users`
--

INSERT INTO `bs_users` (`uid`, `alias`, `status`, `email`, `pw`, `login_attempts`, `login_detent`, `last_activity`, `last_ip`, `created`) VALUES
(1, 'initium dev', 'admin', 'initium.tech.dev@gmail.com', '$2y$06$9PNLajQF.DyYwQcujtA6K.2qW.gqs5x0nEmtr7llmj/ouzUgok4LG', NULL, NULL, '2023-06-07 21:05:47', '::1', '2023-05-04 09:50:42'),
(2, 'Charlotte Tse', 'disabled', 'charlottetse33@gmail.com', '$2y$06$W/UA.5x3BRZCGy3rkSZxs.0eUb8x6penIYjEjmH7sj1Bl6ZutcOq2', NULL, NULL, NULL, '::1', '2023-05-04 17:53:48'),
(3, 'test', 'placeholder', NULL, '$2y$06$/Gx8JskX29yxmroIymk/gOMG5ErGNMQu5PDBg6Wb.mDd3SsmwrGju', NULL, NULL, NULL, NULL, '2023-05-04 17:55:33'),
(4, 'charlotte', 'enabled', 'charlottetse32@gmail.com', '$2y$06$ZpJc01W5kyzLQM4FfOmG0u0stYzjMcASEqRe0pxWNgKvpzKtzbIKi', NULL, NULL, '2023-06-07 21:06:06', '::1', '2023-05-04 18:05:03'),
(5, 'jacky', 'placeholder', NULL, '$2y$06$rUOu3Geou9ZQub4BUYs1YOf3pZK37yuAKcgS0TPg/lqi7rMqRvO0C', NULL, NULL, NULL, NULL, '2023-05-05 21:37:54'),
(6, 'chgarlotte', 'placeholder', NULL, '$2y$06$lNpzJIodeNu1JjVaJcCLNOXujGeoDKQhYAG5xnFe3.9zkTKaHaSwy', NULL, NULL, NULL, NULL, '2023-05-13 21:16:33'),
(7, 'dfg', 'placeholder', NULL, '$2y$06$eLSCevZ9IljJGPeXFIABjOOOzE.ByyshwbCSLPGjtnCECOB38OjTS', NULL, NULL, NULL, NULL, '2023-05-18 21:16:18'),
(8, 'e5rtyg', 'placeholder', NULL, '$2y$06$2lm1L/5ZaoFoifvs6/V3XOAnm6z5QjXZIZdgl0q35ADgL1I4HiErK', NULL, NULL, NULL, NULL, '2023-05-18 21:17:01'),
(9, 'Sir Tech', 'disabled', 'charlottetse33@try.com', '$2y$06$kVC55b.DubiR8kEOjh3O4eM0jpDNsPxskUd6LHyfvoBt8.RUfFTDG', NULL, NULL, NULL, '::1', '2023-05-19 21:46:28'),
(10, 'Trial Run', 'disabled', 'trial@gmail.com', '$2y$06$f9X6WzxRi6ETu1u61S4XDOqo8oRY0vsSM6gSRuXbgDNx303PjRNNu', NULL, NULL, NULL, '::1', '2023-05-30 21:04:21'),
(13, 'Jenny', 'placeholder', NULL, '$2y$06$DQ7wtOPUaxuj2B2O8Asz/uoZ6MdN75TyoQsRHnJoU2j8KJ7I6vWRq', NULL, NULL, NULL, NULL, '2023-06-07 19:43:10'),
(14, 'Kim D', 'placeholder', NULL, '$2y$06$outpj0xRFV/Zl58qEJWeaehz6BVrKwxk1ltsx5Kk8R2kKqfXU74xa', NULL, NULL, NULL, NULL, '2023-06-07 19:48:48'),
(15, 'RS', 'placeholder', NULL, '$2y$06$tbfawfUIiAw4cvZTifSoYOXidswQvSwUKUaQzVYSBvifzKyM/t5xm', NULL, NULL, NULL, NULL, '2023-06-07 19:52:20'),
(16, 'Bory Li', 'placeholder', NULL, '$2y$06$Ki1TXk2fQd9AujE4OeNPAeQjr4Gwaq7iv1yX9.IEuDnOGovs3RQ9y', NULL, NULL, NULL, NULL, '2023-06-07 19:52:48'),
(17, 'Alvin', 'placeholder', NULL, '$2y$06$Fjowi/2MLO4Hasi9qLzvHOyr.FQ4tqQAc4UGKP8v5MRMBMHYonB3m', NULL, NULL, NULL, NULL, '2023-06-07 19:53:18'),
(18, 'Jien', 'placeholder', NULL, '$2y$06$hyGefdUv2x.5yWpCrpATbeusvD/0G1JF6rIkvXjlFtB/j/ojwz5ba', NULL, NULL, NULL, NULL, '2023-06-07 19:53:42'),
(19, 'Nalin', 'placeholder', NULL, '$2y$06$CQBQHP6PdLoCloxGM9id7ewbj7jhbsuJGnoMnkHKe5tERwjSuPkni', NULL, NULL, NULL, NULL, '2023-06-07 19:55:24'),
(20, 'PL', 'placeholder', NULL, '$2y$06$zeyq/WglmRjqN1cWULT3S.ZH4gywJQB6TVZyKDFb.a.p8HN1KgqgC', NULL, NULL, NULL, NULL, '2023-06-07 19:59:12'),
(21, 'Tim', 'placeholder', NULL, '$2y$06$yGdFa4vuP3WFn2H5A35iv.rQCox/9nUj2lVos8TixP16KfWuEvo/e', NULL, NULL, NULL, NULL, '2023-06-07 20:10:05'),
(22, 'Hugo', 'placeholder', NULL, '$2y$06$Lh1LqpwpBEELA1F.tX2EXumj8fMtfIX9bxnGVTU9QnsA8OfttLqCe', NULL, NULL, NULL, NULL, '2023-06-07 20:11:03'),
(23, 'Roni', 'placeholder', NULL, '$2y$06$Sufrol7g2hDgPT.McodQw.aC3D0QZ1AvSXFxn8gWbn4myJldQD8hS', NULL, NULL, NULL, NULL, '2023-06-07 20:16:15'),
(24, 'Steve', 'placeholder', NULL, '$2y$06$XLF6WwjUGtOeJ1oMJ.gI9./fQb/gz6/x6kKUQ1bT5NagtibIKerd2', NULL, NULL, NULL, NULL, '2023-06-07 20:18:35'),
(25, 'Stephen', 'placeholder', NULL, '$2y$06$ueED8ecTmWfe9huqfY/oJu6JHChAYbD6mnulirMl5pr8X3xppwWLO', NULL, NULL, NULL, NULL, '2023-06-07 20:25:20'),
(26, 'Stacy', 'placeholder', NULL, '$2y$06$lmxa2LcudgU0/AANOu.NROdoH5SW63cS/Ptvzf9MVCMga5w3/ZrUi', NULL, NULL, NULL, NULL, '2023-06-07 20:29:34'),
(27, 'Roy', 'placeholder', NULL, '$2y$06$NRSp72KhULhlgPIpepGwe.VhPt310Q4MsEvwv2kSeWeKHn.nJO36K', NULL, NULL, NULL, NULL, '2023-06-07 20:31:14'),
(28, 'Ty', 'placeholder', NULL, '$2y$06$DsubTypOI/8t7fqdFreVTelASKru7DOZUJQxapRqFjUdXaPng0D.a', NULL, NULL, NULL, NULL, '2023-06-07 20:32:15');

-- --------------------------------------------------------

--
-- Table structure for table `bs_users_meta`
--

CREATE TABLE `bs_users_meta` (
  `umid` int(10) UNSIGNED NOT NULL,
  `uid` int(10) UNSIGNED NOT NULL,
  `key` varchar(64) NOT NULL,
  `value` text NOT NULL
) ENGINE=InnoDB DEFAULT CHARSET=utf8 COLLATE=utf8_general_ci;

--
-- Dumping data for table `bs_users_meta`
--

INSERT INTO `bs_users_meta` (`umid`, `uid`, `key`, `value`) VALUES
(1, 2, 'gender', 'male'),
(2, 2, 'budget', '0'),
(3, 2, 'firstname', 'Charlotte'),
(4, 2, 'lastname', 'Tse'),
(5, 2, 'street', 'Lonsdale Street 1111'),
(6, 2, 'zip', '3000'),
(7, 2, 'city', 'Meblourne'),
(8, 2, 'phone', '000000'),
(9, 2, 'locale', 'en-US'),
(10, 4, 'gender', '-'),
(11, 4, 'firstname', 'Charlotte'),
(12, 4, 'lastname', 'Tse'),
(13, 4, 'street', '1222/Lonsdale Street'),
(14, 4, 'zip', '3000'),
(15, 4, 'city', 'Melbourne'),
(16, 4, 'phone', '0473524423'),
(17, 4, 'member', '0'),
(18, 4, 'budget', '0'),
(19, 9, 'gender', 'male'),
(20, 9, 'budget', '0'),
(21, 9, 'firstname', 'Sir'),
(22, 9, 'lastname', 'Tech'),
(23, 9, 'street', 'Dfs df'),
(24, 9, 'zip', '3000'),
(25, 9, 'city', 'Melbourne'),
(26, 9, 'phone', '0000'),
(27, 9, 'locale', 'en-US'),
(28, 10, 'gender', 'male'),
(29, 10, 'budget', '0'),
(30, 10, 'firstname', 'Trial'),
(31, 10, 'lastname', 'Run'),
(32, 10, 'street', '111 Lonsdale street hello'),
(33, 10, 'zip', '3000'),
(34, 10, 'city', 'Melbourne'),
(35, 10, 'phone', '0000000'),
(36, 10, 'locale', 'en-US');

--
-- Indexes for dumped tables
--

--
-- Indexes for table `bs_bookings`
--
ALTER TABLE `bs_bookings`
  ADD PRIMARY KEY (`bid`),
  ADD KEY `sid` (`sid`),
  ADD KEY `uid` (`uid`);

--
-- Indexes for table `bs_bookings_bills`
--
ALTER TABLE `bs_bookings_bills`
  ADD PRIMARY KEY (`bbid`),
  ADD KEY `bid` (`bid`);

--
-- Indexes for table `bs_bookings_meta`
--
ALTER TABLE `bs_bookings_meta`
  ADD PRIMARY KEY (`bmid`),
  ADD KEY `bid` (`bid`),
  ADD KEY `key` (`key`);

--
-- Indexes for table `bs_events`
--
ALTER TABLE `bs_events`
  ADD PRIMARY KEY (`eid`),
  ADD KEY `sid` (`sid`),
  ADD KEY `datetime_start` (`datetime_start`),
  ADD KEY `datetime_end` (`datetime_end`);

--
-- Indexes for table `bs_events_meta`
--
ALTER TABLE `bs_events_meta`
  ADD PRIMARY KEY (`emid`),
  ADD KEY `eid` (`eid`),
  ADD KEY `key` (`key`);

--
-- Indexes for table `bs_options`
--
ALTER TABLE `bs_options`
  ADD PRIMARY KEY (`oid`),
  ADD KEY `key` (`key`);

--
-- Indexes for table `bs_reservations`
--
ALTER TABLE `bs_reservations`
  ADD PRIMARY KEY (`rid`),
  ADD KEY `bid` (`bid`),
  ADD KEY `date` (`date`);

--
-- Indexes for table `bs_reservations_meta`
--
ALTER TABLE `bs_reservations_meta`
  ADD PRIMARY KEY (`rmid`),
  ADD KEY `rid` (`rid`),
  ADD KEY `key` (`key`);

--
-- Indexes for table `bs_squares`
--
ALTER TABLE `bs_squares`
  ADD PRIMARY KEY (`sid`);

--
-- Indexes for table `bs_squares_coupons`
--
ALTER TABLE `bs_squares_coupons`
  ADD PRIMARY KEY (`scid`),
  ADD KEY `sid` (`sid`),
  ADD KEY `code` (`code`);

--
-- Indexes for table `bs_squares_meta`
--
ALTER TABLE `bs_squares_meta`
  ADD PRIMARY KEY (`smid`),
  ADD KEY `sid` (`sid`),
  ADD KEY `key` (`key`);

--
-- Indexes for table `bs_squares_pricing`
--
ALTER TABLE `bs_squares_pricing`
  ADD PRIMARY KEY (`spid`),
  ADD KEY `sid` (`sid`);

--
-- Indexes for table `bs_squares_products`
--
ALTER TABLE `bs_squares_products`
  ADD PRIMARY KEY (`spid`),
  ADD KEY `sid` (`sid`);

--
-- Indexes for table `bs_users`
--
ALTER TABLE `bs_users`
  ADD PRIMARY KEY (`uid`),
  ADD KEY `alias` (`alias`),
  ADD KEY `email` (`email`);

--
-- Indexes for table `bs_users_meta`
--
ALTER TABLE `bs_users_meta`
  ADD PRIMARY KEY (`umid`),
  ADD KEY `key` (`key`),
  ADD KEY `uid` (`uid`);

--
-- AUTO_INCREMENT for dumped tables
--

--
-- AUTO_INCREMENT for table `bs_bookings`
--
ALTER TABLE `bs_bookings`
  MODIFY `bid` int(10) UNSIGNED NOT NULL AUTO_INCREMENT, AUTO_INCREMENT=77;

--
-- AUTO_INCREMENT for table `bs_bookings_bills`
--
ALTER TABLE `bs_bookings_bills`
  MODIFY `bbid` int(10) UNSIGNED NOT NULL AUTO_INCREMENT, AUTO_INCREMENT=15;

--
-- AUTO_INCREMENT for table `bs_bookings_meta`
--
ALTER TABLE `bs_bookings_meta`
  MODIFY `bmid` int(10) UNSIGNED NOT NULL AUTO_INCREMENT, AUTO_INCREMENT=300;

--
-- AUTO_INCREMENT for table `bs_events`
--
ALTER TABLE `bs_events`
  MODIFY `eid` int(10) UNSIGNED NOT NULL AUTO_INCREMENT;

--
-- AUTO_INCREMENT for table `bs_events_meta`
--
ALTER TABLE `bs_events_meta`
  MODIFY `emid` int(10) UNSIGNED NOT NULL AUTO_INCREMENT;

--
-- AUTO_INCREMENT for table `bs_options`
--
ALTER TABLE `bs_options`
  MODIFY `oid` int(10) UNSIGNED NOT NULL AUTO_INCREMENT, AUTO_INCREMENT=33;

--
-- AUTO_INCREMENT for table `bs_reservations`
--
ALTER TABLE `bs_reservations`
  MODIFY `rid` int(10) UNSIGNED NOT NULL AUTO_INCREMENT, AUTO_INCREMENT=1987;

--
-- AUTO_INCREMENT for table `bs_reservations_meta`
--
ALTER TABLE `bs_reservations_meta`
  MODIFY `rmid` int(10) UNSIGNED NOT NULL AUTO_INCREMENT;

--
-- AUTO_INCREMENT for table `bs_squares`
--
ALTER TABLE `bs_squares`
  MODIFY `sid` int(10) UNSIGNED NOT NULL AUTO_INCREMENT, AUTO_INCREMENT=11;

--
-- AUTO_INCREMENT for table `bs_squares_coupons`
--
ALTER TABLE `bs_squares_coupons`
  MODIFY `scid` int(10) UNSIGNED NOT NULL AUTO_INCREMENT;

--
-- AUTO_INCREMENT for table `bs_squares_meta`
--
ALTER TABLE `bs_squares_meta`
  MODIFY `smid` int(10) UNSIGNED NOT NULL AUTO_INCREMENT, AUTO_INCREMENT=26;

--
-- AUTO_INCREMENT for table `bs_squares_pricing`
--
ALTER TABLE `bs_squares_pricing`
  MODIFY `spid` int(10) UNSIGNED NOT NULL AUTO_INCREMENT, AUTO_INCREMENT=2;

--
-- AUTO_INCREMENT for table `bs_squares_products`
--
ALTER TABLE `bs_squares_products`
  MODIFY `spid` int(10) UNSIGNED NOT NULL AUTO_INCREMENT;

--
-- AUTO_INCREMENT for table `bs_users`
--
ALTER TABLE `bs_users`
  MODIFY `uid` int(10) UNSIGNED NOT NULL AUTO_INCREMENT, AUTO_INCREMENT=29;

--
-- AUTO_INCREMENT for table `bs_users_meta`
--
ALTER TABLE `bs_users_meta`
  MODIFY `umid` int(10) UNSIGNED NOT NULL AUTO_INCREMENT, AUTO_INCREMENT=37;

--
-- Constraints for dumped tables
--

--
-- Constraints for table `bs_bookings`
--
ALTER TABLE `bs_bookings`
  ADD CONSTRAINT `bs_bookings_ibfk_3` FOREIGN KEY (`sid`) REFERENCES `bs_squares` (`sid`),
  ADD CONSTRAINT `bs_bookings_ibfk_4` FOREIGN KEY (`uid`) REFERENCES `bs_users` (`uid`);

--
-- Constraints for table `bs_bookings_bills`
--
ALTER TABLE `bs_bookings_bills`
  ADD CONSTRAINT `bs_bookings_bills_ibfk_1` FOREIGN KEY (`bid`) REFERENCES `bs_bookings` (`bid`) ON DELETE CASCADE ON UPDATE CASCADE;

--
-- Constraints for table `bs_bookings_meta`
--
ALTER TABLE `bs_bookings_meta`
  ADD CONSTRAINT `bs_bookings_meta_ibfk_1` FOREIGN KEY (`bid`) REFERENCES `bs_bookings` (`bid`) ON DELETE CASCADE ON UPDATE CASCADE;

--
-- Constraints for table `bs_events`
--
ALTER TABLE `bs_events`
  ADD CONSTRAINT `bs_events_ibfk_1` FOREIGN KEY (`sid`) REFERENCES `bs_squares` (`sid`);

--
-- Constraints for table `bs_events_meta`
--
ALTER TABLE `bs_events_meta`
  ADD CONSTRAINT `bs_events_meta_ibfk_1` FOREIGN KEY (`eid`) REFERENCES `bs_events` (`eid`) ON DELETE CASCADE ON UPDATE CASCADE;

--
-- Constraints for table `bs_reservations`
--
ALTER TABLE `bs_reservations`
  ADD CONSTRAINT `bs_reservations_ibfk_1` FOREIGN KEY (`bid`) REFERENCES `bs_bookings` (`bid`) ON DELETE CASCADE ON UPDATE CASCADE;

--
-- Constraints for table `bs_reservations_meta`
--
ALTER TABLE `bs_reservations_meta`
  ADD CONSTRAINT `bs_reservations_meta_ibfk_1` FOREIGN KEY (`rid`) REFERENCES `bs_reservations` (`rid`) ON DELETE CASCADE ON UPDATE CASCADE;

--
-- Constraints for table `bs_squares_coupons`
--
ALTER TABLE `bs_squares_coupons`
  ADD CONSTRAINT `bs_squares_coupons_ibfk_1` FOREIGN KEY (`sid`) REFERENCES `bs_squares` (`sid`) ON DELETE CASCADE ON UPDATE CASCADE;

--
-- Constraints for table `bs_squares_meta`
--
ALTER TABLE `bs_squares_meta`
  ADD CONSTRAINT `bs_squares_meta_ibfk_1` FOREIGN KEY (`sid`) REFERENCES `bs_squares` (`sid`) ON DELETE CASCADE ON UPDATE CASCADE;

--
-- Constraints for table `bs_squares_pricing`
--
ALTER TABLE `bs_squares_pricing`
  ADD CONSTRAINT `bs_squares_pricing_ibfk_1` FOREIGN KEY (`sid`) REFERENCES `bs_squares` (`sid`) ON DELETE CASCADE ON UPDATE CASCADE;

--
-- Constraints for table `bs_squares_products`
--
ALTER TABLE `bs_squares_products`
  ADD CONSTRAINT `bs_squares_products_ibfk_1` FOREIGN KEY (`sid`) REFERENCES `bs_squares` (`sid`) ON DELETE CASCADE ON UPDATE CASCADE;

--
-- Constraints for table `bs_users_meta`
--
ALTER TABLE `bs_users_meta`
  ADD CONSTRAINT `bs_users_meta_ibfk_1` FOREIGN KEY (`uid`) REFERENCES `bs_users` (`uid`) ON DELETE CASCADE ON UPDATE CASCADE;
SET FOREIGN_KEY_CHECKS=1;
COMMIT;

/*!40101 SET CHARACTER_SET_CLIENT=@OLD_CHARACTER_SET_CLIENT */;
/*!40101 SET CHARACTER_SET_RESULTS=@OLD_CHARACTER_SET_RESULTS */;
/*!40101 SET COLLATION_CONNECTION=@OLD_COLLATION_CONNECTION */;
